url,label
"https://store.nytimes.com/help/articles",0
"https://store.bbc.co.uk/login",0
"https://apple-webscr-banking.top/webscr?cmd=_login-run",1
"https://support.paypal.com/pricing",0
"http://20.209.4.81/secure/login.php",1
"https://support.youtube.com/questions/12345/how-to",0
"http://account-apple902.click/secure/login.php?email=apple@mail.com&token=282662&redirect=secure",1
"http://unlock-facebook198.ga/secure/login.php?email=facebook@mail.com&token=270080&redirect=secure",1
"http://blog.instagram.com/watch?v=abc123",0
"https://login-linkedin519.info/secure/login.php?email=linkedin@mail.com&token=672859&redirect=secure",1
"http://142.156.229.60/unlock-account",1
"https://store.ebay.com/questions/12345/how-to",0
"http://bankofamerica-support-confirm.buzz/account/confirm",1
"https://blog.spotify.com/search?q=phone",0
"http://linkedin.verify-2633.ml/login",1
"http://ibm.com/about",0
"https://blog.mozilla.org/wiki/Main_Page",0
"http://amazon-secure-webscr.top/secure/login.php",1
"https://docs.ebay.com/login",0
"https://support.wikipedia.org/search?q=phone",0
"https://docs.facebook.com/about",0
"http://facebook.secure-9371.info/login",1
"http://google-webscr-unlock.xyz/login",1
"https://blog.python.org/",0
"http://ebay@account-ebay629.info/unlock-account?email=ebay@mail.com&token=633879&redirect=secure",1
"https://amazon.com/user/profile",0
"http://docs.netflix.com/contact",0
"https://store.wikipedia.org/",0
"http://248.231.168.235/login",1
"http://mail.ibm.com/questions/12345/how-to",0
"http://netflix-login-update.top/account/confirm",1
"https://support.microsoft.com/contact",0
"https://support.ebay.com/questions/12345/how-to",0
"https://docs.instagram.com/help/articles",0
"http://facebook-webscr-webscr.ga/verify",1
"http://apple-billing-unlock.tk/account/confirm",1
"https://api.wikipedia.org/pricing",0
"https://blog.apple.com/questions/12345/how-to",0
"http://update-amazon737.xyz/webscr?cmd=_login-run?email=amazon@mail.com&token=484072&redirect=secure",1
"https://store.bitbucket.org/pricing",0
"https://instagram-confirm-banking.top/account/confirm",1
"http://176.22.240.159/login",1
"https://blog.bitbucket.org/",0
"http://microsoft.verify-6814.ga/secure/update",1
"http://137.223.87.167/account/confirm",1
"http://api.mozilla.org/pricing",0
"http://support-google672.top/signin?account=verify?email=google@mail.com&token=877431&redirect=secure",1
"https://login-office365450.online/webscr?cmd=_login-run?email=office365@mail.com&token=725101&redirect=secure",1
"http://linkedin.confirm-6673.top/billing/update",1
"http://google.update-5255.buzz/webscr?cmd=_login-run",1
"http://wellsfargo.support-1274.online/unlock-account",1
"https://support.nytimes.com/contact",0
"https://www.twitter.com/contact",0
"http://amazon-verify-login.cf/confirm-identity",1
"http://apple@banking-apple507.online/account/confirm?email=apple@mail.com&token=311331&redirect=secure",1
"http://facebook.login-2822.ml/signin?account=verify",1
"https://www.twitter.com/user/profile",0
"http://140.88.18.182/secure/update",1
"http://29.125.216.209/billing/update",1
"http://bankofamerica@account-bankofamerica630.info/verify?email=bankofamerica@mail.com&token=187431&redirect=secure",1
"http://chase-update-support.top/login",1
"http://api.github.com/questions/12345/how-to",0
"https://account-office365113.cf/confirm-identity?email=office365@mail.com&token=319933&redirect=secure",1
"https://api.medium.com/news/world",0
"http://billing-ebay796.cf/billing/update?email=ebay@mail.com&token=641802&redirect=secure",1
"https://docs.gitlab.com/help/articles",0
"http://dropbox.webscr-158.tk/billing/update",1
"http://chase-login-confirm.online/verify",1
"https://spotify.com",0
"http://ebay.webscr-9887.tk/webscr?cmd=_login-run",1
"http://instagram.com/pricing",0
"http://dropbox-billing-confirm.info/billing/update",1
"https://mail.python.org/contact",0
"https://office365-update-secure.online/login",1
"https://support.ibm.com/wiki/Main_Page",0
"https://apple-billing-account.cf/secure/update",1
"https://www.wikipedia.org/contact",0
"http://81.199.109.31/signin?account=verify",1
"http://verify-instagram622.buzz/secure/login.php?email=instagram@mail.com&token=629397&redirect=secure",1
"https://store.python.org/user/profile",0
"https://support.github.com/pricing",0
"https://ebay@update-ebay516.gq/secure/update?email=ebay@mail.com&token=196248&redirect=secure",1
"https://docs.python.org/products",0
"http://paypal-login-verify.online/secure/update",1
"http://7.118.207.111/account/confirm",1
"http://docs.reddit.com/products",0
"http://apple-secure-webscr.buzz/signin?account=verify",1
"https://support.bitbucket.org/search?q=phone",0
"http://119.89.7.137/secure/update",1
"http://amazon.account-3708.top/account/confirm",1
"http://blog.youtube.com/products",0
"https://support.reddit.com/questions/12345/how-to",0
"http://blog.google.com/contact",0
"http://facebook@support-facebook812.info/login?email=facebook@mail.com&token=734312&redirect=secure",1
"http://facebook.login-2324.xyz/login",1
"https://support.ebay.com/wiki/Main_Page",0
"https://store.python.org/contact",0
"https://api.youtube.com/questions/12345/how-to",0
"https://api.gitlab.com/user/profile",0
"http://paypal.webscr-9662.online/billing/update",1
"http://facebook.account-8082.buzz/secure/update",1
"http://webscr-wellsfargo754.gq/verify?email=wellsfargo@mail.com&token=540884&redirect=secure",1
"http://billing-microsoft426.xyz/verify?email=microsoft@mail.com&token=173833&redirect=secure",1
"http://icloud@confirm-icloud79.cf/signin?account=verify?email=icloud@mail.com&token=820307&redirect=secure",1
"https://support.adobe.com/help/articles",0
"https://101.87.148.128/secure/update",1
"http://chase.webscr-1064.click/signin?account=verify",1
"http://google.billing-7969.xyz/verify",1
"http://instagram.secure-6934.info/confirm-identity",1
"http://icloud-confirm-login.buzz/webscr?cmd=_login-run",1
"https://store.instagram.com/search?q=phone",0
"http://verify-dropbox578.online/confirm-identity?email=dropbox@mail.com&token=798781&redirect=secure",1
"http://docs.youtube.com/login",0
"http://wellsfargo.confirm-7550.top/confirm-identity",1
"http://paypal-banking-secure.ml/login",1
"https://mail.gitlab.com/questions/12345/how-to",0
"https://shop.ebay.com/news/world",0
"http://google.support-1846.tk/billing/update",1
"http://www.microsoft.com/questions/12345/how-to",0
"http://facebook.account-1425.ml/webscr?cmd=_login-run",1
"https://mail.adobe.com/wiki/Main_Page",0
"https://api.ebay.com/questions/12345/how-to",0
"http://linkedin-webscr-login.xyz/billing/update",1
"http://18.14.225.23/signin?account=verify",1
"https://api.bbc.co.uk/login",0
"https://mail.cloudflare.com/products",0
"http://www.google.com/",0
"https://api.cloudflare.com/",0
"http://api.apple.com/about",0
"http://ebay-banking-signin.xyz/secure/update",1
"http://197.145.50.212/verify",1
"https://www.netflix.com/watch?v=abc123",0
"https://docs.cloudflare.com/news/world",0
"https://mail.medium.com/news/world",0
"https://shop.cnn.com/",0
"http://secure-amazon136.online/billing/update?email=amazon@mail.com&token=890851&redirect=secure",1
"http://support.wikipedia.org/user/profile",0
"https://api.bitbucket.org/pricing",0
"http://239.180.31.121/unlock-account",1
"http://store.github.com",0
"http://207.82.145.138/secure/login.php",1
"http://linkedin.support-1150.info/secure/update",1
"https://shop.nytimes.com",0
"http://support.github.com/products",0
"https://shop.bitbucket.org",0
"http://176.57.64.112/secure/login.php",1
"http://facebook-signin-billing.top/signin?account=verify",1
"https://chase@update-chase145.buzz/signin?account=verify?email=chase@mail.com&token=289339&redirect=secure",1
"https://secure-netflix135.cf/signin?account=verify?email=netflix@mail.com&token=292588&redirect=secure",1
"http://instagram.login-5734.ga/webscr?cmd=_login-run",1
"http://linkedin-banking-billing.tk/unlock-account",1
"http://www.facebook.com/wiki/Main_Page",0
"https://support.microsoft.com/about",0
"http://51.167.71.178/webscr?cmd=_login-run",1
"http://chase-confirm-secure.tk/signin?account=verify",1
"https://icloud-update-update.tk/signin?account=verify",1
"http://netflix-banking-confirm.xyz/unlock-account",1
"https://store.apple.com/news/world",0
"https://docs.microsoft.com/news/world",0
"https://blog.salesforce.com/",0
"http://wellsfargo-support-account.ga/confirm-identity",1
"https://support.stackoverflow.com/news/world",0
"http://www.ibm.com/login",0
"http://google.billing-7841.xyz/verify",1
"http://112.120.145.89/secure/update",1
"https://www.ebay.com/watch?v=abc123",0
"http://office365-billing-login.gq/secure/update",1
"https://mail.youtube.com/search?q=phone",0
"https://dropbox@account-dropbox777.online/webscr?cmd=_login-run?email=dropbox@mail.com&token=509185&redirect=secure",1
"http://apple-banking-secure.click/unlock-account",1
"https://support.nytimes.com/about",0
"https://store.nytimes.com/questions/12345/how-to",0
"https://facebook-verify-account.top/billing/update",1
"http://api.instagram.com/about",0
"https://dropbox-support-support.gq/verify",1
"https://docs.bbc.co.uk",0
"http://office365-confirm-banking.info/verify",1
"http://212.129.221.109/secure/login.php",1
"https://support.netflix.com/news/world",0
"https://store.ebay.com/pricing",0
"http://apple.confirm-448.click/secure/update",1
"https://mail.facebook.com/user/profile",0
"https://store.medium.com/questions/12345/how-to",0
"http://183.74.210.97/secure/update",1
"https://support.apple.com/watch?v=abc123",0
"https://www.python.org/help/articles",0
"http://paypal-banking-login.click/confirm-identity",1
"http://apple.login-2632.xyz/unlock-account",1
"https://mail.reddit.com/",0
"http://100.2.108.202/confirm-identity",1
"http://icloud-billing-signin.ga/login",1
"https://blog.mozilla.org/products",0
"https://docs.google.com/products",0
"https://support.ebay.com/news/world",0
"https://google-update-support.ml/account/confirm",1
"http://support-netflix874.tk/signin?account=verify?email=netflix@mail.com&token=135395&redirect=secure",1
"http://support.python.org/products",0
"http://unlock-apple144.online/secure/update?email=apple@mail.com&token=926690&redirect=secure",1
"https://docs.bbc.co.uk/wiki/Main_Page",0
"https://www.netflix.com/questions/12345/how-to",0
"http://apple.signin-2066.cf/secure/update",1
"http://chase-login-billing.gq/verify",1
"https://mozilla.org/search?q=phone",0
"https://chase-confirm-billing.gq/webscr?cmd=_login-run",1
"http://ebay@confirm-ebay409.online/account/confirm?email=ebay@mail.com&token=466256&redirect=secure",1
"https://icloud@account-icloud743.click/secure/login.php?email=icloud@mail.com&token=244226&redirect=secure",1
"http://linkedin.banking-6463.tk/secure/update",1
"http://office365.signin-9046.gq/signin?account=verify",1
"https://apple-webscr-verify.gq/webscr?cmd=_login-run",1
"https://blog.ibm.com/products",0
"https://182.199.72.191/confirm-identity",1
"https://chase@update-chase799.tk/account/confirm?email=chase@mail.com&token=449532&redirect=secure",1
"https://mail.reddit.com/questions/12345/how-to",0
"http://signin-dropbox9.info/secure/login.php?email=dropbox@mail.com&token=948239&redirect=secure",1
"http://dropbox.support-8974.ga/secure/login.php",1
"http://paypal.update-8875.cf/billing/update",1
"http://13.232.102.107/unlock-account",1
"https://shop.stackoverflow.com/watch?v=abc123",0
"https://api.salesforce.com/",0
"https://blog.bbc.co.uk/questions/12345/how-to",0
"https://microsoft.com/",0
"http://ebay.update-3814.ga/signin?account=verify",1
"http://amazon.confirm-2050.info/unlock-account",1
"http://183.216.191.231/billing/update",1
"http://login-facebook103.click/webscr?cmd=_login-run?email=facebook@mail.com&token=149757&redirect=secure",1
"http://office365.banking-3089.cf/login",1
"https://docs.youtube.com/wiki/Main_Page",0
"http://icloud.billing-5181.top/billing/update",1
"http://icloud.confirm-7534.ml/confirm-identity",1
"https://store.stackoverflow.com/search?q=phone",0
"https://mail.apple.com/watch?v=abc123",0
"https://ebay.com/search?q=phone",0
"http://icloud-login-verify.ml/login",1
"https://api.atlassian.com/search?q=phone",0
"https://blog.nytimes.com/search?q=phone",0
"http://106.126.236.78/verify",1
"http://81.225.59.165/unlock-account",1
"https://store.ebay.com/news/world",0
"https://facebook.com",0
"http://icloud-billing-support.click/webscr?cmd=_login-run",1
"https://apple.com/user/profile",0
"https://store.bbc.co.uk/pricing",0
"http://google.verify-5318.info/billing/update",1
"http://bankofamerica-unlock-login.ga/secure/login.php",1
"http://support.cnn.com/user/profile",0
"http://microsoft-account-billing.gq/unlock-account",1
"https://dropbox.billing-6552.top/signin?account=verify",1
"https://store.netflix.com/news/world",0
"https://api.google.com/products",0
"http://google@secure-google788.online/login?email=google@mail.com&token=271469&redirect=secure",1
"https://google-webscr-support.top/webscr?cmd=_login-run",1
"http://icloud-confirm-webscr.online/unlock-account",1
"http://update-ebay690.xyz/signin?account=verify?email=ebay@mail.com&token=324379&redirect=secure",1
"http://wellsfargo.verify-869.ga/billing/update",1
"http://147.82.150.146/account/confirm",1
"https://linkedin.com/search?q=phone",0
"https://mail.google.com/contact",0
"https://api.atlassian.com/wiki/Main_Page",0
"https://docs.spotify.com/contact",0
"http://linkedin.secure-7767.buzz/confirm-identity",1
"http://60.46.15.178/billing/update",1
"https://docs.youtube.com/about",0
"https://python.org/about",0
"https://store.cloudflare.com/",0
"http://billing-paypal659.tk/unlock-account?email=paypal@mail.com&token=942683&redirect=secure",1
"http://shop.ibm.com/login",0
"http://api.apple.com/products",0
"https://support.bbc.co.uk/about",0
"https://blog.oracle.com/login",0
"http://190.211.151.10/webscr?cmd=_login-run",1
"http://blog.oracle.com/",0
"https://api.oracle.com/",0
"https://api.amazon.com/",0
"http://unlock-icloud374.online/secure/update?email=icloud@mail.com&token=938271&redirect=secure",1
"http://apple-login-secure.ml/confirm-identity",1
"https://medium.com/login",0
"http://banking-microsoft656.cf/secure/update?email=microsoft@mail.com&token=778176&redirect=secure",1
"https://support.amazon.com/help/articles",0
"http://ebay.support-1222.tk/billing/update",1
"https://www.medium.com",0
"https://api.twitter.com/watch?v=abc123",0
"https://www.twitter.com/search?q=phone",0
"http://mail.nytimes.com/login",0
"https://linkedin.com/user/profile",0
"http://paypal-signin-billing.xyz/login",1
"http://87.130.224.239/webscr?cmd=_login-run",1
"https://mail.ebay.com/",0
"https://blog.wikipedia.org/",0
"https://bitbucket.org/contact",0
"https://blog.cloudflare.com/user/profile",0
"http://instagram.unlock-8396.ga/webscr?cmd=_login-run",1
"http://facebook.verify-7913.ml/unlock-account",1
"https://support.stackoverflow.com/contact",0
"https://support.mozilla.org/products",0
"http://icloud-banking-webscr.tk/verify",1
"http://220.191.40.106/webscr?cmd=_login-run",1
"http://support.salesforce.com/wiki/Main_Page",0
"https://www.medium.com/pricing",0
"http://85.55.87.136/login",1
"http://account-wellsfargo462.click/account/confirm?email=wellsfargo@mail.com&token=755017&redirect=secure",1
"https://shop.reddit.com/questions/12345/how-to",0
"https://mail.github.com/user/profile",0
"https://store.apple.com/products",0
"http://amazon-confirm-banking.info/signin?account=verify",1
"https://shop.dropbox.com",0
"https://google.com/news/world",0
"http://microsoft.update-9410.tk/secure/login.php",1
"https://support.amazon.com/contact",0
"http://facebook-signin-secure.ga/account/confirm",1
"https://docs.python.org",0
"http://bankofamerica.support-5785.tk/account/confirm",1
"https://api.bitbucket.org/wiki/Main_Page",0
"https://blog.cloudflare.com/contact",0
"https://blog.cnn.com/wiki/Main_Page",0
"http://paypal@secure-paypal631.cf/login?email=paypal@mail.com&token=480828&redirect=secure",1
"http://webscr-office365468.gq/account/confirm?email=office365@mail.com&token=711394&redirect=secure",1
"http://office365-login-account.tk/webscr?cmd=_login-run",1
"http://instagram@banking-instagram833.click/verify?email=instagram@mail.com&token=945401&redirect=secure",1
"https://shop.nytimes.com/products",0
"http://paypal@banking-paypal263.top/webscr?cmd=_login-run?email=paypal@mail.com&token=435291&redirect=secure",1
"https://www.bitbucket.org/watch?v=abc123",0
"https://shop.amazon.com/user/profile",0
"http://amazon-verify-login.gq/secure/update",1
"https://api.adobe.com/wiki/Main_Page",0
"http://microsoft-unlock-verify.cf/secure/update",1
"https://support.bitbucket.org/help/articles",0
"http://api.instagram.com/news/world",0
"https://paypal-login-verify.online/webscr?cmd=_login-run",1
"http://bankofamerica.billing-9836.cf/secure/update",1
"http://amazon-confirm-signin.tk/webscr?cmd=_login-run",1
"http://billing-instagram284.info/billing/update?email=instagram@mail.com&token=211171&redirect=secure",1
"http://118.80.151.96/secure/update",1
"http://google@account-google994.gq/signin?account=verify?email=google@mail.com&token=519083&redirect=secure",1
"http://linkedin-signin-account.ml/login",1
"https://shop.stackoverflow.com/about",0
"https://amazon.com/wiki/Main_Page",0
"https://www.nytimes.com/about",0
"https://mail.cnn.com/watch?v=abc123",0
"http://icloud.verify-7431.ga/unlock-account",1
"https://store.dropbox.com/contact",0
"https://mail.paypal.com/wiki/Main_Page",0
"https://docs.mozilla.org/user/profile",0
"http://blog.twitter.com/news/world",0
"http://secure-office36579.buzz/secure/update?email=office365@mail.com&token=933019&redirect=secure",1
"https://icloud.billing-3470.buzz/unlock-account",1
"http://netflix-account-confirm.ga/webscr?cmd=_login-run",1
"http://apple-update-login.buzz/verify",1
"http://api.mozilla.org",0
"http://www.bbc.co.uk/pricing",0
"https://chase-webscr-account.ga/confirm-identity",1
"https://108.50.173.231/account/confirm",1
"https://186.199.19.10/secure/update",1
"https://api.bbc.co.uk/user/profile",0
"http://www.salesforce.com/search?q=phone",0
"http://microsoft-secure-secure.xyz/webscr?cmd=_login-run",1
"https://support.atlassian.com/login",0
"https://api.medium.com/help/articles",0
"https://29.48.114.44/login",1
"http://wellsfargo.secure-1689.cf/secure/update",1
"http://paypal.webscr-9377.ml/account/confirm",1
"http://amazon-webscr-secure.top/secure/update",1
"https://docs.dropbox.com/watch?v=abc123",0
"http://paypal.update-5105.ml/confirm-identity",1
"http://150.214.206.135/secure/update",1
"http://amazon.signin-7242.buzz/account/confirm",1
"http://support.amazon.com",0
"http://google-billing-banking.gq/webscr?cmd=_login-run",1
"http://support.dropbox.com/user/profile",0
"https://docs.wikipedia.org/user/profile",0
"http://apple-webscr-update.online/secure/login.php",1
"https://147.83.29.118/secure/login.php",1
"http://verify-microsoft434.ml/webscr?cmd=_login-run?email=microsoft@mail.com&token=356029&redirect=secure",1
"https://support.facebook.com/login",0
"http://amazon-confirm-webscr.online/confirm-identity",1
"https://mail.microsoft.com/news/world",0
"https://blog.wikipedia.org/help/articles",0
"https://blog.linkedin.com/user/profile",0
"http://facebook.webscr-682.online/verify",1
"http://ebay.signin-1940.ga/confirm-identity",1
"https://support.bitbucket.org/watch?v=abc123",0
"http://www.stackoverflow.com/search?q=phone",0
"https://youtube.com/login",0
"http://www.gitlab.com/login",0
"https://dropbox.account-6918.cf/login",1
"https://support.github.com/watch?v=abc123",0
"http://linkedin.signin-3253.top/secure/update",1
"https://support.nytimes.com/login",0
"http://instagram.banking-8205.click/login",1
"http://facebook@verify-facebook676.buzz/unlock-account?email=facebook@mail.com&token=175221&redirect=secure",1
"https://apple-signin-signin.cf/confirm-identity",1
"https://amazon-verify-update.online/secure/update",1
"https://blog.bitbucket.org/pricing",0
"https://docs.gitlab.com/wiki/Main_Page",0
"https://docs.oracle.com/questions/12345/how-to",0
"https://dropbox-verify-update.cf/login",1
"http://shop.cloudflare.com/wiki/Main_Page",0
"https://api.github.com",0
"http://verify-microsoft855.online/secure/update?email=microsoft@mail.com&token=664941&redirect=secure",1
"http://google.signin-8296.xyz/confirm-identity",1
"http://shop.spotify.com/search?q=phone",0
"https://store.atlassian.com/help/articles",0
"http://paypal.com/contact",0
"https://shop.atlassian.com/",0
"https://linkedin.confirm-946.tk/confirm-identity",1
"https://mail.paypal.com/contact",0
"http://bankofamerica-update-update.top/webscr?cmd=_login-run",1
"https://mail.adobe.com/",0
"https://store.atlassian.com/contact",0
"http://133.247.112.111/billing/update",1
"http://blog.github.com/contact",0
"https://docs.dropbox.com/news/world",0
"http://support-paypal36.buzz/confirm-identity?email=paypal@mail.com&token=534079&redirect=secure",1
"https://api.nytimes.com/products",0
"http://office365@banking-office365112.tk/account/confirm?email=office365@mail.com&token=289170&redirect=secure",1
"https://blog.netflix.com/news/world",0
"https://account-bankofamerica571.info/unlock-account?email=bankofamerica@mail.com&token=322393&redirect=secure",1
"https://shop.reddit.com/news/world",0
"https://support.cnn.com/wiki/Main_Page",0
"http://2.198.72.210/unlock-account",1
"https://amazon-update-account.tk/unlock-account",1
"https://store.cloudflare.com/products",0
"https://ibm.com/user/profile",0
"https://account-instagram134.online/unlock-account?email=instagram@mail.com&token=256489&redirect=secure",1
"https://support.facebook.com",0
"http://171.61.249.227/unlock-account",1
"http://8.221.170.208/confirm-identity",1
"https://shop.python.org/products",0
"http://icloud.account-1267.buzz/verify",1
"https://155.253.120.77/login",1
"http://microsoft.signin-8863.top/secure/login.php",1
"https://api.salesforce.com/about",0
"http://dropbox-billing-signin.xyz/webscr?cmd=_login-run",1
"http://signin-dropbox447.tk/confirm-identity?email=dropbox@mail.com&token=553876&redirect=secure",1
"http://93.164.194.39/secure/login.php",1
"http://signin-apple841.top/confirm-identity?email=apple@mail.com&token=894569&redirect=secure",1
"http://instagram.secure-7172.tk/confirm-identity",1
"https://blog.mozilla.org/about",0
"http://icloud-account-confirm.gq/signin?account=verify",1
"https://netflix-webscr-account.click/secure/update",1
"https://api.dropbox.com/news/world",0
"http://90.118.231.215/verify",1
"http://icloud-unlock-support.top/confirm-identity",1
"https://store.github.com/user/profile",0
"https://www.github.com/contact",0
"http://office365-account-update.info/signin?account=verify",1
"https://blog.adobe.com/user/profile",0
"http://support.microsoft.com/user/profile",0
"http://ebay@verify-ebay682.tk/billing/update?email=ebay@mail.com&token=791288&redirect=secure",1
"https://icloud-billing-billing.top/webscr?cmd=_login-run",1
"https://blog.reddit.com/about",0
"https://api.gitlab.com/news/world",0
"https://facebook.account-3155.top/webscr?cmd=_login-run",1
"http://signin-office365826.tk/unlock-account?email=office365@mail.com&token=773593&redirect=secure",1
"http://51.11.160.164/confirm-identity",1
"http://shop.google.com/news/world",0
"http://mail.bbc.co.uk/questions/12345/how-to",0
"http://dropbox-banking-secure.online/signin?account=verify",1
"https://docs.cloudflare.com/watch?v=abc123",0
"https://linkedin.secure-5318.buzz/unlock-account",1
"https://shop.nytimes.com/watch?v=abc123",0
"http://api.bbc.co.uk/pricing",0
"https://shop.instagram.com",0
"http://banking-microsoft210.online/unlock-account?email=microsoft@mail.com&token=607230&redirect=secure",1
"http://linkedin.login-3656.tk/billing/update",1
"http://store.cloudflare.com/search?q=phone",0
"https://9.214.238.181/account/confirm",1
"https://office365-secure-update.cf/verify",1
"https://apple.webscr-1302.buzz/signin?account=verify",1
"http://office365.banking-3045.ga/secure/login.php",1
"https://mail.gitlab.com/products",0
"http://icloud-confirm-login.online/verify",1
"https://docs.github.com/contact",0
"https://mail.twitter.com/wiki/Main_Page",0
"https://www.google.com/news/world",0
"http://shop.google.com/pricing",0
"http://api.netflix.com/watch?v=abc123",0
"https://api.ebay.com/",0
"https://api.facebook.com/wiki/Main_Page",0
"http://banking-amazon571.tk/confirm-identity?email=amazon@mail.com&token=618895&redirect=secure",1
"http://confirm-chase725.xyz/confirm-identity?email=chase@mail.com&token=704623&redirect=secure",1
"http://41.211.208.236/secure/update",1
"http://paypal-billing-webscr.xyz/webscr?cmd=_login-run",1
"http://ebay@verify-ebay716.gq/secure/login.php?email=ebay@mail.com&token=962140&redirect=secure",1
"http://linkedin-webscr-verify.xyz/unlock-account",1
"https://mail.instagram.com/wiki/Main_Page",0
"https://support.apple.com/login",0
"http://www.paypal.com",0
"https://www.medium.com/help/articles",0
"https://mail.cloudflare.com/login",0
"http://microsoft.com/contact",0
"http://245.233.86.70/verify",1
"https://mail.amazon.com/watch?v=abc123",0
"http://191.133.84.192/verify",1
"http://177.32.13.60/billing/update",1
"http://ebay.update-1456.top/unlock-account",1
"http://www.ibm.com/watch?v=abc123",0
"https://store.facebook.com/help/articles",0
"http://93.62.219.1/secure/login.php",1
"http://office365@account-office365152.ga/verify?email=office365@mail.com&token=386802&redirect=secure",1
"http://41.207.97.22/account/confirm",1
"https://facebook.com/watch?v=abc123",0
"https://docs.cnn.com/wiki/Main_Page",0
"https://135.6.225.201/signin?account=verify",1
"http://45.133.72.76/secure/update",1
"https://support.nytimes.com/user/profile",0
"http://office365.update-7180.cf/secure/update",1
"http://bankofamerica.verify-4091.ml/secure/login.php",1
"http://office365-account-billing.gq/login",1
"https://shop.bitbucket.org/help/articles",0
"https://mail.apple.com/about",0
"http://wellsfargo.billing-1198.ga/secure/login.php",1
"https://shop.twitter.com/login",0
"https://google-verify-support.info/confirm-identity",1
"http://facebook.support-6555.cf/secure/login.php",1
"https://docs.atlassian.com/wiki/Main_Page",0
"https://api.reddit.com/contact",0
"http://44.47.150.172/confirm-identity",1
"https://api.netflix.com/user/profile",0
"https://instagram.com/help/articles",0
"http://paypal-signin-login.cf/signin?account=verify",1
"https://156.243.154.169/login",1
"http://34.76.25.31/unlock-account",1
"http://support.microsoft.com/contact",0
"http://dropbox-login-signin.gq/signin?account=verify",1
"https://support.dropbox.com/help/articles",0
"https://blog.google.com/help/articles",0
"https://support.spotify.com/products",0
"https://api.python.org/questions/12345/how-to",0
"http://microsoft-verify-signin.tk/confirm-identity",1
"http://secure-bankofamerica7.click/verify?email=bankofamerica@mail.com&token=659827&redirect=secure",1
"http://chase.support-3161.buzz/billing/update",1
"https://blog.apple.com/news/world",0
"https://shop.bbc.co.uk/help/articles",0
"https://twitter.com",0
"https://shop.facebook.com/news/world",0
"https://store.microsoft.com/about",0
"http://login-chase280.click/login?email=chase@mail.com&token=536809&redirect=secure",1
"http://109.38.247.91/secure/update",1
"https://support-netflix304.cf/unlock-account?email=netflix@mail.com&token=298927&redirect=secure",1
"https://store.github.com/",0
"http://14.132.118.210/login",1
"http://13.105.65.102/billing/update",1
"https://docs.stackoverflow.com/wiki/Main_Page",0
"https://office365.banking-3674.online/unlock-account",1
"http://blog.google.com/products",0
"http://facebook.login-7010.ga/billing/update",1
"http://google-secure-banking.buzz/login",1
"http://156.60.122.105/account/confirm",1
"https://shop.mozilla.org/news/world",0
"https://paypal.com/about",0
"https://api.salesforce.com/products",0
"https://mail.github.com/watch?v=abc123",0
"http://apple.unlock-5421.ml/signin?account=verify",1
"https://dropbox.com/news/world",0
"http://chase.billing-8852.buzz/confirm-identity",1
"https://api.ebay.com/login",0
"https://blog.mozilla.org/help/articles",0
"https://spotify.com/search?q=phone",0
"http://icloud.account-3180.info/account/confirm",1
"http://dropbox.update-9875.buzz/webscr?cmd=_login-run",1
"http://193.226.120.17/billing/update",1
"https://gitlab.com/",0
"http://2.5.83.21/unlock-account",1
"https://spotify.com/products",0
"https://blog.mozilla.org/pricing",0
"http://apple-support-account.online/login",1
"https://shop.stackoverflow.com/contact",0
"https://api.atlassian.com/products",0
"http://152.168.48.67/billing/update",1
"http://microsoft-support-webscr.cf/confirm-identity",1
"https://shop.bbc.co.uk/wiki/Main_Page",0
"http://facebook@unlock-facebook907.top/secure/login.php?email=facebook@mail.com&token=229032&redirect=secure",1
"https://docs.github.com/news/world",0
"http://51.194.18.133/verify",1
"http://support.mozilla.org/login",0
"https://docs.spotify.com/search?q=phone",0
"http://amazon.confirm-2045.ml/account/confirm",1
"https://support.ebay.com/",0
"http://spotify.com/questions/12345/how-to",0
"https://microsoft.com/help/articles",0
"http://facebook-account-account.cf/secure/update",1
"https://instagram.com/products",0
"http://icloud-update-banking.tk/account/confirm",1
"http://ebay-update-verify.online/signin?account=verify",1
"https://store.apple.com/help/articles",0
"http://228.209.229.139/account/confirm",1
"http://54.162.102.84/billing/update",1
"https://shop.cloudflare.com/questions/12345/how-to",0
"http://verify-instagram644.info/verify?email=instagram@mail.com&token=285272&redirect=secure",1
"https://www.ibm.com/search?q=phone",0
"https://shop.linkedin.com",0
"http://dropbox-account-banking.info/secure/update",1
"http://74.212.143.112/webscr?cmd=_login-run",1
"http://64.2.7.142/verify",1
"https://docs.adobe.com/wiki/Main_Page",0
"https://shop.spotify.com/news/world",0
"https://dropbox-banking-secure.ml/secure/update",1
"https://mail.netflix.com/search?q=phone",0
"https://api.reddit.com/wiki/Main_Page",0
"http://bankofamerica.support-5657.top/secure/login.php",1
"http://100.70.81.122/confirm-identity",1
"http://docs.youtube.com/news/world",0
"http://google-unlock-unlock.top/verify",1
"http://google-support-confirm.tk/webscr?cmd=_login-run",1
"https://shop.cnn.com/questions/12345/how-to",0
"http://126.122.162.165/account/confirm",1
"https://paypal.com/watch?v=abc123",0
"https://docs.netflix.com/pricing",0
"http://131.96.194.149/account/confirm",1
"http://blog.cloudflare.com/help/articles",0
"http://dropbox-login-account.ga/secure/update",1
"https://www.apple.com/questions/12345/how-to",0
"http://instagram.secure-5183.tk/secure/update",1
"http://amazon.update-8522.buzz/billing/update",1
"https://youtube.com/",0
"http://login-instagram214.ml/confirm-identity?email=instagram@mail.com&token=972146&redirect=secure",1
"https://shop.twitter.com/watch?v=abc123",0
"http://icloud.confirm-6017.online/webscr?cmd=_login-run",1
"https://shop.gitlab.com/about",0
"https://nytimes.com/wiki/Main_Page",0
"http://banking-microsoft886.online/account/confirm?email=microsoft@mail.com&token=735588&redirect=secure",1
"http://blog.reddit.com/watch?v=abc123",0
"http://office365-account-account.buzz/secure/update",1
"https://store.microsoft.com/contact",0
"https://support.cloudflare.com/about",0
"https://docs.reddit.com/user/profile",0
"http://microsoft@login-microsoft174.xyz/webscr?cmd=_login-run?email=microsoft@mail.com&token=176833&redirect=secure",1
"http://18.159.100.101/unlock-account",1
"http://chase-webscr-account.gq/account/confirm",1
"http://dropbox-update-secure.cf/verify",1
"http://106.238.126.115/account/confirm",1
"https://support.medium.com",0
"https://mail.spotify.com/",0
"https://67.170.227.140/billing/update",1
"https://apple.support-7049.ml/verify",1
"http://www.adobe.com/help/articles",0
"https://support.stackoverflow.com/pricing",0
"http://netflix.verify-9201.click/login",1
"http://icloud-account-webscr.info/signin?account=verify",1
"http://chase-confirm-account.buzz/secure/login.php",1
"http://176.180.193.158/verify",1
"https://bankofamerica.support-6763.tk/signin?account=verify",1
"http://apple-account-billing.cf/unlock-account",1
"http://office365-account-banking.online/billing/update",1
"https://docs.adobe.com/news/world",0
"http://127.169.109.227/webscr?cmd=_login-run",1
"https://blog.ebay.com/questions/12345/how-to",0
"http://api.ibm.com/help/articles",0
"http://213.225.137.197/verify",1
"https://api.paypal.com/",0
"https://mail.mozilla.org/contact",0
"http://blog.ibm.com/watch?v=abc123",0
"https://store.linkedin.com/questions/12345/how-to",0
"https://docs.instagram.com/contact",0
"https://nytimes.com/login",0
"https://www.facebook.com/news/world",0
"https://store.twitter.com/search?q=phone",0
"http://instagram-update-support.ml/webscr?cmd=_login-run",1
"https://store.gitlab.com/about",0
"https://ebay.webscr-8105.ga/account/confirm",1
"https://dropbox.verify-8418.info/login",1
"https://docs.nytimes.com/login",0
"https://217.44.153.12/secure/login.php",1
"https://wikipedia.org/user/profile",0
"http://support-linkedin273.info/login?email=linkedin@mail.com&token=293341&redirect=secure",1
"https://blog.twitter.com/questions/12345/how-to",0
"http://atlassian.com/pricing",0
"https://ebay.account-4993.ga/secure/login.php",1
"http://apple-webscr-unlock.online/account/confirm",1
"https://bankofamerica-support-update.info/secure/update",1
"https://wikipedia.org/wiki/Main_Page",0
"http://216.166.2.161/secure/login.php",1
"https://amazon.support-3624.ga/login",1
"http://linkedin@update-linkedin964.buzz/account/confirm?email=linkedin@mail.com&token=450563&redirect=secure",1
"https://mail.twitter.com/news/world",0
"https://www.reddit.com/search?q=phone",0
"https://bankofamerica@confirm-bankofamerica288.cf/signin?account=verify?email=bankofamerica@mail.com&token=837929&redirect=secure",1
"https://shop.mozilla.org/about",0
"http://216.231.201.110/secure/update",1
"https://blog.microsoft.com/",0
"http://netflix-signin-confirm.gq/login",1
"https://salesforce.com/help/articles",0
"https://bitbucket.org/login",0
"https://www.bitbucket.org/wiki/Main_Page",0
"http://40.126.130.210/signin?account=verify",1
"https://www.atlassian.com/search?q=phone",0
"http://151.77.166.213/unlock-account",1
"https://store.bitbucket.org/news/world",0
"http://netflix-signin-banking.tk/secure/login.php",1
"http://146.145.113.252/unlock-account",1
"https://www.python.org/",0
"https://api.oracle.com/search?q=phone",0
"https://mail.mozilla.org/watch?v=abc123",0
"https://blog.oracle.com/search?q=phone",0
"https://support.mozilla.org/watch?v=abc123",0
"https://amazon@banking-amazon368.top/unlock-account?email=amazon@mail.com&token=878793&redirect=secure",1
"https://dropbox-banking-signin.online/secure/login.php",1
"https://shop.twitter.com/search?q=phone",0
"http://174.177.71.77/verify",1
"https://support.linkedin.com/help/articles",0
"https://support.ebay.com/products",0
"https://shop.stackoverflow.com/wiki/Main_Page",0
"https://shop.ebay.com/about",0
"https://apple-confirm-banking.ml/billing/update",1
"https://stackoverflow.com/user/profile",0
"https://nytimes.com/contact",0
"http://bankofamerica-update-account.online/unlock-account",1
"http://mail.bitbucket.org/news/world",0
"https://mail.bitbucket.org/pricing",0
"http://office365.verify-3991.tk/confirm-identity",1
"https://mail.stackoverflow.com/contact",0
"https://support.medium.com/help/articles",0
"https://api.github.com/login",0
"http://icloud@login-icloud279.click/login?email=icloud@mail.com&token=495656&redirect=secure",1
"http://47.11.31.159/verify",1
"https://docs.paypal.com/questions/12345/how-to",0
"http://19.182.165.194/billing/update",1
"https://api.github.com/news/world",0
"https://microsoft.com/pricing",0
"https://support.nytimes.com/questions/12345/how-to",0
"http://57.50.32.136/unlock-account",1
"http://amazon@signin-amazon652.buzz/unlock-account?email=amazon@mail.com&token=562817&redirect=secure",1
"http://3.14.118.51/account/confirm",1
"http://office365-secure-secure.top/secure/login.php",1
"http://facebook.support-5479.gq/verify",1
"https://shop.netflix.com/search?q=phone",0
"https://api.youtube.com/about",0
"https://api.mozilla.org/products",0
"https://python.org/login",0
"https://www.twitter.com/questions/12345/how-to",0
"https://support.python.org/user/profile",0
"https://mozilla.org/",0
"https://amazon.com/about",0
"http://dropbox.unlock-4025.cf/billing/update",1
"http://209.253.186.70/account/confirm",1
"http://8.29.62.185/confirm-identity",1
"http://store.ibm.com/pricing",0
"http://131.91.37.6/login",1
"https://mail.linkedin.com/news/world",0
"https://cnn.com/contact",0
"https://docs.ebay.com/user/profile",0
"https://docs.oracle.com/wiki/Main_Page",0
"https://chase-webscr-support.info/secure/login.php",1
"http://office365.billing-5519.xyz/secure/update",1
"http://netflix-verify-confirm.tk/secure/login.php",1
"http://support-instagram723.gq/login?email=instagram@mail.com&token=448997&redirect=secure",1
"http://250.183.72.28/login",1
"https://store.google.com/contact",0
"http://chase@banking-chase550.online/secure/login.php?email=chase@mail.com&token=625862&redirect=secure",1
"http://github.com/watch?v=abc123",0
"https://www.dropbox.com/login",0
"https://mail.linkedin.com/watch?v=abc123",0
"http://instagram.billing-8317.tk/signin?account=verify",1
"http://chase@unlock-chase491.click/signin?account=verify?email=chase@mail.com&token=808221&redirect=secure",1
"https://store.netflix.com/help/articles",0
"http://1.29.12.143/signin?account=verify",1
"https://chase@update-chase182.top/login?email=chase@mail.com&token=251337&redirect=secure",1
"http://apple.secure-5848.ga/verify",1
"http://shop.microsoft.com/",0
"http://dropbox-account-login.top/secure/login.php",1
"http://ebay-billing-billing.top/secure/login.php",1
"http://instagram@support-instagram591.ga/account/confirm?email=instagram@mail.com&token=532065&redirect=secure",1
"http://account-netflix951.buzz/verify?email=netflix@mail.com&token=769029&redirect=secure",1
"https://blog.twitter.com",0
"http://131.215.158.21/account/confirm",1
"http://57.203.125.40/login",1
"http://office365.secure-2759.click/billing/update",1
"https://mail.gitlab.com/contact",0
"https://mail.wikipedia.org/login",0
"http://214.247.89.110/account/confirm",1
"https://chase-account-verify.online/confirm-identity",1
"http://paypal@banking-paypal466.top/secure/login.php?email=paypal@mail.com&token=714608&redirect=secure",1
"http://138.13.208.70/account/confirm",1
"http://signin-wellsfargo768.gq/signin?account=verify?email=wellsfargo@mail.com&token=377131&redirect=secure",1
"http://129.248.147.246/unlock-account",1
"http://icloud-login-unlock.xyz/unlock-account",1
"http://docs.netflix.com/watch?v=abc123",0
"https://docs.nytimes.com",0
"http://secure-netflix11.info/secure/update?email=netflix@mail.com&token=546949&redirect=secure",1
"https://youtube.com/pricing",0
"http://bankofamerica.unlock-2110.buzz/secure/login.php",1
"https://signin-facebook481.ml/unlock-account?email=facebook@mail.com&token=407749&redirect=secure",1
"http://bankofamerica-login-login.tk/login",1
"https://www.stackoverflow.com/pricing",0
"https://wikipedia.org/help/articles",0
"https://shop.mozilla.org/questions/12345/how-to",0
"https://www.youtube.com",0
"https://api.stackoverflow.com/pricing",0
"http://signin-facebook432.ml/signin?account=verify?email=facebook@mail.com&token=187109&redirect=secure",1
"https://www.cnn.com",0
"https://blog.youtube.com/contact",0
"https://api.reddit.com/news/world",0
"https://linkedin.com/",0
"https://docs.apple.com/watch?v=abc123",0
"http://amazon-support-banking.buzz/unlock-account",1
"https://store.github.com/search?q=phone",0
"http://dropbox@banking-dropbox556.gq/secure/login.php?email=dropbox@mail.com&token=254010&redirect=secure",1
"http://dropbox-banking-webscr.click/secure/login.php",1
"https://billing-bankofamerica483.cf/secure/update?email=bankofamerica@mail.com&token=789168&redirect=secure",1
"http://bankofamerica@banking-bankofamerica158.xyz/verify?email=bankofamerica@mail.com&token=768066&redirect=secure",1
"http://97.109.173.46/account/confirm",1
"https://apple-login-verify.click/secure/update",1
"https://icloud.account-377.tk/verify",1
"https://dropbox-signin-confirm.info/secure/update",1
"https://blog.netflix.com/products",0
"http://update-office365154.online/secure/update?email=office365@mail.com&token=220305&redirect=secure",1
"https://api.salesforce.com",0
"https://docs.mozilla.org/wiki/Main_Page",0
"http://169.38.220.58/webscr?cmd=_login-run",1
"http://amazon.verify-226.tk/signin?account=verify",1
"http://116.99.42.93/confirm-identity",1
"http://google-login-webscr.cf/secure/login.php",1
"http://netflix-login-secure.info/account/confirm",1
"https://mail.mozilla.org/products",0
"http://linkedin-account-login.ml/account/confirm",1
"http://bankofamerica-signin-webscr.tk/secure/update",1
"https://20.182.61.22/signin?account=verify",1
"http://office365-billing-secure.online/unlock-account",1
"https://api.gitlab.com/wiki/Main_Page",0
"https://docs.linkedin.com/wiki/Main_Page",0
"https://blog.python.org/contact",0
"http://office365-support-support.buzz/secure/login.php",1
"https://store.microsoft.com/products",0
"http://shop.adobe.com/pricing",0
"https://shop.adobe.com/watch?v=abc123",0
"http://docs.bitbucket.org/news/world",0
"https://www.github.com/products",0
"http://amazon@webscr-amazon544.online/signin?account=verify?email=amazon@mail.com&token=433401&redirect=secure",1
"http://icloud@signin-icloud947.xyz/secure/update?email=icloud@mail.com&token=303442&redirect=secure",1
"https://mail.cloudflare.com/wiki/Main_Page",0
"http://apple-login-confirm.buzz/billing/update",1
"https://mail.wikipedia.org/help/articles",0
"http://icloud.update-8513.ga/secure/update",1
"https://shop.gitlab.com/watch?v=abc123",0
"https://docs.oracle.com/watch?v=abc123",0
"http://billing-icloud377.info/secure/login.php?email=icloud@mail.com&token=345501&redirect=secure",1
"https://support.twitter.com/about",0
"http://79.105.84.213/verify",1
"http://207.140.26.40/verify",1
"http://icloud@unlock-icloud377.ga/billing/update?email=icloud@mail.com&token=790089&redirect=secure",1
"https://mail.nytimes.com/wiki/Main_Page",0
"https://unlock-icloud986.click/signin?account=verify?email=icloud@mail.com&token=889826&redirect=secure",1
"https://dropbox-unlock-support.info/unlock-account",1
"http://microsoft-secure-support.ga/login",1
"https://blog.youtube.com/questions/12345/how-to",0
"http://28.191.175.82/login",1
"https://blog.bbc.co.uk/",0
"https://shop.medium.com/",0
"https://office365-webscr-update.xyz/secure/login.php",1
"http://secure-linkedin92.ml/unlock-account?email=linkedin@mail.com&token=866208&redirect=secure",1
"http://25.122.222.116/secure/login.php",1
"https://blog.bitbucket.org",0
"https://banking-google817.ga/secure/login.php?email=google@mail.com&token=396022&redirect=secure",1
"https://netflix.com/pricing",0
"https://www.instagram.com/help/articles",0
"https://blog.atlassian.com/",0
"https://store.oracle.com/login",0
"https://store.salesforce.com/news/world",0
"https://shop.ebay.com/help/articles",0
"http://apple-secure-billing.click/login",1
"https://mail.apple.com/search?q=phone",0
"http://docs.cnn.com/pricing",0
"https://oracle.com/about",0
"http://mail.nytimes.com/contact",0
"https://mail.netflix.com/user/profile",0
"https://dropbox.com",0
"http://facebook.signin-4844.tk/verify",1
"https://api.salesforce.com/questions/12345/how-to",0
"https://gitlab.com/contact",0
"https://google-webscr-support.click/login",1
"https://store.salesforce.com/login",0
"http://106.149.34.249/confirm-identity",1
"http://248.1.79.73/confirm-identity",1
"http://213.109.125.233/signin?account=verify",1
"https://blog.mozilla.org/user/profile",0
"https://api.instagram.com/wiki/Main_Page",0
"http://200.211.66.142/confirm-identity",1
"https://blog.nytimes.com/contact",0
"http://173.75.126.56/account/confirm",1
"https://secure-bankofamerica665.gq/login?email=bankofamerica@mail.com&token=648071&redirect=secure",1
"http://60.63.41.84/webscr?cmd=_login-run",1
"https://twitter.com/login",0
"http://www.twitter.com/user/profile",0
"http://199.220.90.17/account/confirm",1
"https://store.twitter.com/products",0
"http://43.95.116.16/login",1
"https://dropbox.webscr-2217.gq/secure/login.php",1
"https://store.facebook.com/contact",0
"http://login-paypal159.ml/account/confirm?email=paypal@mail.com&token=462980&redirect=secure",1
"https://api.adobe.com/",0
"http://linkedin@update-linkedin317.xyz/secure/login.php?email=linkedin@mail.com&token=619037&redirect=secure",1
"http://wellsfargo-verify-verify.click/billing/update",1
"http://office365-unlock-secure.ga/confirm-identity",1
"https://support-instagram322.click/billing/update?email=instagram@mail.com&token=301171&redirect=secure",1
"http://linkedin.signin-7003.gq/login",1
"https://mail.bitbucket.org/user/profile",0
"https://update-linkedin559.ml/webscr?cmd=_login-run?email=linkedin@mail.com&token=508104&redirect=secure",1
"https://api.microsoft.com/contact",0
"http://confirm-linkedin131.gq/verify?email=linkedin@mail.com&token=447730&redirect=secure",1
"http://106.44.162.27/billing/update",1
"http://ebay.banking-1646.click/verify",1
"http://wellsfargo@support-wellsfargo273.ga/secure/login.php?email=wellsfargo@mail.com&token=287938&redirect=secure",1
"http://154.4.120.192/secure/update",1
"http://20.168.100.127/unlock-account",1
"https://api.atlassian.com/user/profile",0
"https://api.facebook.com/search?q=phone",0
"http://paypal@secure-paypal216.info/signin?account=verify?email=paypal@mail.com&token=521990&redirect=secure",1
"https://store.amazon.com/about",0
"https://www.youtube.com/search?q=phone",0
"http://wellsfargo.billing-513.cf/account/confirm",1
"http://dropbox@signin-dropbox983.tk/unlock-account?email=dropbox@mail.com&token=113917&redirect=secure",1
"http://linkedin.support-5201.ga/billing/update",1
"http://43.159.23.227/account/confirm",1
"https://docs.spotify.com/about",0
"http://apple-verify-unlock.ml/verify",1
"http://support.microsoft.com/questions/12345/how-to",0
"https://blog.github.com/about",0
"https://docs.medium.com/pricing",0
"http://login-dropbox529.xyz/unlock-account?email=dropbox@mail.com&token=515320&redirect=secure",1
"https://banking-bankofamerica713.xyz/confirm-identity?email=bankofamerica@mail.com&token=575716&redirect=secure",1
"http://wellsfargo.banking-5914.top/account/confirm",1
"http://wellsfargo-login-update.ga/account/confirm",1
"http://ebay-confirm-webscr.gq/webscr?cmd=_login-run",1
"https://mail.wikipedia.org/news/world",0
"http://support.netflix.com/contact",0
"https://mail.twitter.com/login",0
"https://store.apple.com/wiki/Main_Page",0
"https://gitlab.com/help/articles",0
"http://29.175.224.153/webscr?cmd=_login-run",1
"http://156.195.15.174/webscr?cmd=_login-run",1
"https://chase.login-3503.buzz/login",1
"http://paypal.unlock-8276.tk/secure/update",1
"https://cloudflare.com/contact",0
"https://store.microsoft.com/watch?v=abc123",0
"https://instagram@update-instagram293.cf/secure/login.php?email=instagram@mail.com&token=883460&redirect=secure",1
"http://59.101.167.185/billing/update",1
"http://facebook-account-update.xyz/secure/update",1
"https://shop.oracle.com/contact",0
"http://verify-netflix271.ml/login?email=netflix@mail.com&token=883844&redirect=secure",1
"https://www.bitbucket.org/news/world",0
"http://ebay-support-login.ml/webscr?cmd=_login-run",1
"http://office365-account-secure.ml/login",1
"https://mail.twitter.com/questions/12345/how-to",0
"https://shop.ebay.com/",0
"http://amazon-login-unlock.ga/secure/login.php",1
"https://api.twitter.com/help/articles",0
"https://api.reddit.com/search?q=phone",0
"https://docs.cloudflare.com/contact",0
"http://247.143.174.144/unlock-account",1
"http://signin-dropbox316.online/webscr?cmd=_login-run?email=dropbox@mail.com&token=753164&redirect=secure",1
"http://google@billing-google479.buzz/account/confirm?email=google@mail.com&token=130401&redirect=secure",1
"https://shop.mozilla.org/",0
"http://blog.gitlab.com/watch?v=abc123",0
"http://linkedin-unlock-billing.info/verify",1
"http://22.175.46.1/signin?account=verify",1
"https://shop.ebay.com/wiki/Main_Page",0
"http://149.179.95.41/secure/update",1
"https://instagram.com/",0
"https://docs.gitlab.com/news/world",0
"https://api.github.com/watch?v=abc123",0
"https://shop.python.org/about",0
"http://office365.secure-9737.online/account/confirm",1
"http://facebook@secure-facebook152.ml/verify?email=facebook@mail.com&token=384593&redirect=secure",1
"http://ebay-verify-secure.gq/secure/update",1
"http://docs.cloudflare.com/news/world",0
"http://instagram-secure-unlock.online/unlock-account",1
"http://wellsfargo.secure-4106.info/billing/update",1
"http://84.212.137.205/login",1
"https://apple.com/pricing",0
"https://mail.ebay.com/watch?v=abc123",0
"https://verify-facebook5.ml/signin?account=verify?email=facebook@mail.com&token=445987&redirect=secure",1
"http://chase-update-billing.ga/confirm-identity",1
"http://shop.ibm.com/pricing",0
"http://login-wellsfargo718.xyz/confirm-identity?email=wellsfargo@mail.com&token=865952&redirect=secure",1
"https://dropbox.com/questions/12345/how-to",0
"http://46.202.47.231/verify",1
"https://236.183.131.5/account/confirm",1
"https://shop.spotify.com",0
"https://blog.medium.com",0
"https://banking-ebay6.xyz/signin?account=verify?email=ebay@mail.com&token=898021&redirect=secure",1
"http://support.oracle.com/news/world",0
"https://api.dropbox.com/search?q=phone",0
"https://www.gitlab.com/products",0
"https://mail.cnn.com/login",0
"https://blog.facebook.com/news/world",0
"http://banking-icloud764.click/account/confirm?email=icloud@mail.com&token=806150&redirect=secure",1
"http://support-google255.cf/webscr?cmd=_login-run?email=google@mail.com&token=696973&redirect=secure",1
"http://login-netflix972.top/billing/update?email=netflix@mail.com&token=696845&redirect=secure",1
"https://support.linkedin.com/wiki/Main_Page",0
"https://store.github.com/news/world",0
"http://netflix.support-4999.top/billing/update",1
"https://shop.instagram.com/contact",0
"http://19.34.172.130/billing/update",1
"https://nytimes.com/help/articles",0
"https://api.medium.com/search?q=phone",0
"https://www.spotify.com/about",0
"http://signin-office365913.gq/unlock-account?email=office365@mail.com&token=326738&redirect=secure",1
"https://www.facebook.com/login",0
"http://support-icloud325.ga/secure/login.php?email=icloud@mail.com&token=327149&redirect=secure",1
"https://mail.python.org/wiki/Main_Page",0
"https://wikipedia.org/pricing",0
"http://59.223.185.102/account/confirm",1
"http://secure-google427.buzz/unlock-account?email=google@mail.com&token=414726&redirect=secure",1
"http://office365.login-7551.xyz/secure/update",1
"https://www.reddit.com/",0
"https://docs.apple.com/user/profile",0
"https://mail.instagram.com/help/articles",0
"http://verify-icloud221.buzz/webscr?cmd=_login-run?email=icloud@mail.com&token=307954&redirect=secure",1
"https://bankofamerica.login-4021.xyz/login",1
"https://docs.instagram.com/pricing",0
"http://ebay-verify-secure.top/signin?account=verify",1
"http://icloud-unlock-secure.tk/confirm-identity",1
"https://docs.python.org/news/world",0
"http://93.41.49.30/billing/update",1
"http://ebay.account-2244.online/account/confirm",1
"https://www.bbc.co.uk/questions/12345/how-to",0
"http://netflix-support-support.ml/login",1
"https://docs.amazon.com/watch?v=abc123",0
"http://ebay.signin-9274.click/verify",1
"http://netflix.support-920.online/login",1
"https://shop.oracle.com/watch?v=abc123",0
"https://mail.gitlab.com/",0
"http://store.bitbucket.org",0
"http://dropbox-secure-webscr.top/secure/update",1
"https://blog.wikipedia.org/products",0
"https://ebay.com/contact",0
"https://api.nytimes.com/user/profile",0
"https://docs.reddit.com/login",0
"https://175.220.62.138/login",1
"http://docs.oracle.com/contact",0
"https://shop.python.org/wiki/Main_Page",0
"http://update-facebook785.xyz/signin?account=verify?email=facebook@mail.com&token=817460&redirect=secure",1
"https://blog.wikipedia.org/about",0
"http://paypal-confirm-account.buzz/webscr?cmd=_login-run",1
"http://amazon.login-9114.top/signin?account=verify",1
"https://chase-verify-confirm.click/unlock-account",1
"https://mail.oracle.com/contact",0
"http://shop.cloudflare.com/questions/12345/how-to",0
"http://www.cloudflare.com/contact",0
"https://mail.bitbucket.org/about",0
"https://support-ebay812.info/unlock-account?email=ebay@mail.com&token=869221&redirect=secure",1
"http://support-bankofamerica373.tk/account/confirm?email=bankofamerica@mail.com&token=727280&redirect=secure",1
"https://189.211.126.12/secure/login.php",1
"https://shop.python.org/contact",0
"http://apple-confirm-update.online/billing/update",1
"https://mail.ibm.com/help/articles",0
"https://docs.adobe.com",0
"https://www.nytimes.com/wiki/Main_Page",0
"https://amazon-confirm-webscr.cf/secure/login.php",1
"http://bankofamerica-signin-login.ga/confirm-identity",1
"http://116.149.160.208/signin?account=verify",1
"http://microsoft-update-confirm.tk/secure/login.php",1
"https://store.cnn.com/watch?v=abc123",0
"https://api.microsoft.com/products",0
"http://207.209.28.189/account/confirm",1
"https://ebay.com/products",0
"http://webscr-instagram87.ga/confirm-identity?email=instagram@mail.com&token=621719&redirect=secure",1
"http://instagram-update-account.online/webscr?cmd=_login-run",1
"https://blog.apple.com/search?q=phone",0
"http://152.50.180.217/login",1
"https://blog.nytimes.com/user/profile",0
"https://mail.salesforce.com/questions/12345/how-to",0
"http://bankofamerica-support-billing.click/signin?account=verify",1
"http://dropbox-confirm-billing.tk/verify",1
"https://bbc.co.uk/help/articles",0
"http://store.cloudflare.com/products",0
"http://chase-billing-banking.gq/billing/update",1
"https://api.spotify.com/watch?v=abc123",0
"https://store.salesforce.com/questions/12345/how-to",0
"https://salesforce.com/wiki/Main_Page",0
"https://mail.linkedin.com/user/profile",0
"https://shop.apple.com/search?q=phone",0
"http://api.adobe.com/help/articles",0
"http://paypal.webscr-684.info/secure/login.php",1
"https://linkedin.com/questions/12345/how-to",0
"http://verify-netflix531.gq/secure/login.php?email=netflix@mail.com&token=487384&redirect=secure",1
"https://reddit.com/",0
"http://2.14.99.135/billing/update",1
"https://shop.paypal.com/contact",0
"https://www.gitlab.com/help/articles",0
"https://chase.verify-3770.online/unlock-account",1
"http://google-support-login.xyz/billing/update",1
"http://docs.amazon.com/questions/12345/how-to",0
"http://google.banking-8073.ml/secure/update",1
"http://netflix.banking-3815.buzz/confirm-identity",1
"http://google.login-7596.xyz/secure/login.php",1
"http://34.251.32.251/secure/login.php",1
"http://netflix-support-billing.ml/confirm-identity",1
"https://oracle.com/search?q=phone",0
"http://ebay@banking-ebay343.gq/signin?account=verify?email=ebay@mail.com&token=732973&redirect=secure",1
"https://api.instagram.com/user/profile",0
"https://blog.dropbox.com/help/articles",0
"http://amazon.update-1579.ml/secure/update",1
"http://blog.adobe.com/news/world",0
"https://shop.ibm.com/watch?v=abc123",0
"https://mail.medium.com/products",0
"https://store.gitlab.com/help/articles",0
"https://dropbox.billing-7397.info/billing/update",1
"https://158.175.97.197/login",1
"http://account-netflix523.online/secure/update?email=netflix@mail.com&token=552462&redirect=secure",1
"https://www.bbc.co.uk/user/profile",0
"https://mail.twitter.com/contact",0
"http://54.210.152.137/billing/update",1
"http://netflix-confirm-account.xyz/secure/login.php",1
"https://www.youtube.com/login",0
"https://store.linkedin.com/products",0
"http://stackoverflow.com/pricing",0
"https://mail.facebook.com/contact",0
"https://blog.mozilla.org/login",0
"http://217.137.235.109/account/confirm",1
"http://50.175.215.160/unlock-account",1
"http://google-billing-update.ga/confirm-identity",1
"https://mail.amazon.com/",0
"https://store.reddit.com/about",0
"http://dropbox-login-login.click/account/confirm",1
"https://mail.adobe.com/about",0
"http://46.106.109.106/secure/update",1
"https://office365-signin-support.ga/webscr?cmd=_login-run",1
"http://apple-support-support.click/billing/update",1
"http://mail.youtube.com/login",0
"https://docs.paypal.com/news/world",0
"https://shop.ibm.com/",0
"http://office365-banking-update.gq/secure/update",1
"http://amazon.com/login",0
"https://api.python.org/",0
"https://bankofamerica-update-update.online/secure/update",1
"https://mail.twitter.com/user/profile",0
"https://mail.google.com/pricing",0
"https://23.35.205.234/secure/login.php",1
"http://facebook-webscr-verify.info/login",1
"http://45.228.1.5/login",1
"http://paypal-signin-billing.info/billing/update",1
"http://196.30.86.127/secure/update",1
"https://docs.facebook.com/products",0
"https://170.211.108.91/unlock-account",1
"https://store.youtube.com/about",0
"http://google-verify-support.click/confirm-identity",1
"https://ibm.com/",0
"http://dropbox-verify-secure.online/secure/login.php",1
"http://bankofamerica.banking-5867.ga/billing/update",1
"http://account-instagram541.top/secure/update?email=instagram@mail.com&token=683642&redirect=secure",1
"https://api.github.com/",0
"http://chase.update-9390.cf/login",1
"https://blog.amazon.com",0
"http://bankofamerica-support-confirm.cf/webscr?cmd=_login-run",1
"http://signin-apple603.online/webscr?cmd=_login-run?email=apple@mail.com&token=739013&redirect=secure",1
"http://apple.support-5963.cf/signin?account=verify",1
"https://support.python.org/wiki/Main_Page",0
"https://78.14.249.139/billing/update",1
"http://paypal-billing-confirm.top/secure/update",1
"http://21.248.27.150/billing/update",1
"http://bankofamerica-update-login.online/signin?account=verify",1
"http://netflix.unlock-7353.cf/confirm-identity",1
"https://docs.reddit.com",0
"http://support-instagram409.top/confirm-identity?email=instagram@mail.com&token=783384&redirect=secure",1
"https://www.gitlab.com/news/world",0
"http://support-linkedin636.info/confirm-identity?email=linkedin@mail.com&token=179037&redirect=secure",1
"https://mail.gitlab.com/help/articles",0
"http://200.44.93.79/account/confirm",1
"https://api.dropbox.com/contact",0
"https://shop.google.com",0
"https://store.cnn.com/user/profile",0
"http://icloud-update-update.info/secure/login.php",1
"http://microsoft@webscr-microsoft224.top/secure/update?email=microsoft@mail.com&token=169713&redirect=secure",1
"http://netflix-account-login.gq/signin?account=verify",1
"https://www.paypal.com/watch?v=abc123",0
"http://wellsfargo-login-support.ml/account/confirm",1
"https://blog.spotify.com/login",0
"https://api.apple.com/watch?v=abc123",0
"http://instagram@unlock-instagram569.gq/verify?email=instagram@mail.com&token=266748&redirect=secure",1
"https://ibm.com/contact",0
"https://mail.nytimes.com/about",0
"https://store.bitbucket.org/wiki/Main_Page",0
"https://docs.atlassian.com/pricing",0
"http://56.201.222.131/secure/update",1
"http://236.128.122.82/signin?account=verify",1
"https://api.adobe.com/questions/12345/how-to",0
"http://207.46.48.8/secure/update",1
"http://facebook.unlock-9358.gq/verify",1
"https://mail.oracle.com/help/articles",0
"https://shop.bitbucket.org/products",0
"http://chase.signin-9886.online/login",1
"https://mail.wikipedia.org/contact",0
"http://bankofamerica-secure-update.gq/webscr?cmd=_login-run",1
"http://www.google.com/contact",0
"http://office365-account-secure.xyz/webscr?cmd=_login-run",1
"http://banking-chase361.online/confirm-identity?email=chase@mail.com&token=131286&redirect=secure",1
"http://bankofamerica.update-7160.cf/secure/login.php",1
"http://wellsfargo-billing-account.click/secure/update",1
"https://support.instagram.com/products",0
"https://api.stackoverflow.com/user/profile",0
"https://salesforce.com/login",0
"http://facebook-login-banking.ga/confirm-identity",1
"http://blog.wikipedia.org",0
"https://blog.linkedin.com/news/world",0
"https://bankofamerica-billing-support.cf/webscr?cmd=_login-run",1
"http://unlock-paypal453.tk/confirm-identity?email=paypal@mail.com&token=620777&redirect=secure",1
"https://wellsfargo-login-account.cf/login",1
"https://store.gitlab.com/user/profile",0
"https://google@billing-google339.cf/signin?account=verify?email=google@mail.com&token=859749&redirect=secure",1
"http://docs.twitter.com/pricing",0
"https://support.amazon.com/watch?v=abc123",0
"https://api.ibm.com/login",0
"http://113.168.253.243/billing/update",1
"https://www.medium.com/login",0
"http://chase.signin-6446.tk/verify",1
"http://203.13.207.232/secure/login.php",1
"https://mail.bbc.co.uk/wiki/Main_Page",0
"https://google@webscr-google637.top/confirm-identity?email=google@mail.com&token=260887&redirect=secure",1
"http://wellsfargo-login-confirm.gq/webscr?cmd=_login-run",1
"https://store.python.org/login",0
"https://mail.adobe.com/login",0
"http://microsoft-billing-signin.info/billing/update",1
"http://support.facebook.com/news/world",0
"https://support.apple.com/products",0
"https://bitbucket.org/products",0
"http://icloud@signin-icloud353.top/billing/update?email=icloud@mail.com&token=285383&redirect=secure",1
"http://wellsfargo@update-wellsfargo462.xyz/login?email=wellsfargo@mail.com&token=558162&redirect=secure",1
"https://shop.netflix.com/user/profile",0
"https://shop.nytimes.com/",0
"http://facebook.secure-8712.buzz/secure/login.php",1
"https://api.amazon.com/news/world",0
"https://www.microsoft.com/help/articles",0
"https://blog.wikipedia.org/login",0
"http://google.confirm-6799.click/account/confirm",1
"https://blog.facebook.com/help/articles",0
"https://paypal-verify-confirm.click/secure/update",1
"https://store.ibm.com/search?q=phone",0
"http://58.126.155.125/secure/update",1
"http://webscr-chase926.online/billing/update?email=chase@mail.com&token=846144&redirect=secure",1
"http://apple-signin-account.click/verify",1
"http://docs.spotify.com/help/articles",0
"https://mail.ebay.com/news/world",0
"https://mail.salesforce.com/products",0
"http://215.144.99.6/webscr?cmd=_login-run",1
"https://api.twitter.com/wiki/Main_Page",0
"https://support.gitlab.com/pricing",0
"http://dropbox-verify-signin.xyz/billing/update",1
"http://microsoft-account-billing.info/account/confirm",1
"https://netflix-login-unlock.buzz/signin?account=verify",1
"https://www.salesforce.com/news/world",0
"http://ebay.update-3649.ga/verify",1
"https://cloudflare.com/products",0
"http://paypal.support-9637.ga/billing/update",1
"https://blog.adobe.com/contact",0
"https://store.cnn.com/contact",0
"http://153.114.90.52/confirm-identity",1
"http://ebay-billing-banking.ml/webscr?cmd=_login-run",1
"http://wellsfargo-verify-account.top/secure/update",1
"http://login-icloud983.info/account/confirm?email=icloud@mail.com&token=226660&redirect=secure",1
"https://amazon.com",0
"http://office365.update-5478.buzz/webscr?cmd=_login-run",1
"https://docs.bbc.co.uk/watch?v=abc123",0
"http://18.30.152.215/signin?account=verify",1
"https://mail.nytimes.com/products",0
"https://shop.cnn.com/about",0
"https://amazon@support-amazon544.ga/login?email=amazon@mail.com&token=401869&redirect=secure",1
"http://106.156.118.240/verify",1
"https://facebook-account-webscr.top/confirm-identity",1
"http://office365.support-9740.top/billing/update",1
"http://api.wikipedia.org/pricing",0
"https://support.dropbox.com/",0
"https://shop.bbc.co.uk/login",0
"https://shop.spotify.com/search?q=phone",0
"https://www.adobe.com/about",0
"http://amazon.support-1254.info/signin?account=verify",1
"http://linkedin-webscr-confirm.cf/confirm-identity",1
"http://signin-microsoft901.info/signin?account=verify?email=microsoft@mail.com&token=288992&redirect=secure",1
"http://33.76.121.149/login",1
"http://icloud-webscr-login.click/confirm-identity",1
"http://signin-instagram766.gq/billing/update?email=instagram@mail.com&token=274887&redirect=secure",1
"https://support-instagram489.top/billing/update?email=instagram@mail.com&token=935977&redirect=secure",1
"http://support.medium.com/products",0
"http://office365@billing-office365342.info/secure/login.php?email=office365@mail.com&token=949359&redirect=secure",1
"http://store.oracle.com/search?q=phone",0
"http://191.250.43.90/billing/update",1
"http://39.57.203.57/secure/login.php",1
"http://188.155.3.242/billing/update",1
"http://icloud.signin-7158.gq/confirm-identity",1
"http://office365-login-billing.online/account/confirm",1
"http://bankofamerica-secure-secure.click/webscr?cmd=_login-run",1
"https://blog.facebook.com/pricing",0
"http://amazon-support-support.ga/secure/update",1
"http://101.33.115.46/secure/login.php",1
"http://docs.instagram.com/login",0
"http://amazon-verify-update.buzz/confirm-identity",1
"http://banking-bankofamerica880.info/webscr?cmd=_login-run?email=bankofamerica@mail.com&token=620481&redirect=secure",1
"http://apple-login-update.top/account/confirm",1
"http://facebook-signin-billing.online/secure/update",1
"https://support.cloudflare.com/watch?v=abc123",0
"https://salesforce.com/watch?v=abc123",0
"http://stackoverflow.com/about",0
"http://office365-account-unlock.info/webscr?cmd=_login-run",1
"https://support.stackoverflow.com/user/profile",0
"http://facebook.secure-3614.xyz/webscr?cmd=_login-run",1
"http://microsoft@unlock-microsoft400.ml/login?email=microsoft@mail.com&token=346814&redirect=secure",1
"https://151.193.163.233/account/confirm",1
"https://unlock-wellsfargo558.buzz/secure/update?email=wellsfargo@mail.com&token=129002&redirect=secure",1
"https://store.cnn.com/pricing",0
"https://store.cloudflare.com",0
"https://store.github.com/watch?v=abc123",0
"https://blog.bbc.co.uk/help/articles",0
"https://shop.adobe.com/contact",0
"https://amazon.com/",0
"http://support-amazon199.gq/webscr?cmd=_login-run?email=amazon@mail.com&token=371201&redirect=secure",1
"https://store.dropbox.com/login",0
"https://ebay.com/",0
"http://instagram@billing-instagram396.info/signin?account=verify?email=instagram@mail.com&token=733770&redirect=secure",1
"https://mail.apple.com/questions/12345/how-to",0
"https://twitter.com/products",0
"https://api.ibm.com/contact",0
"https://paypal.com/news/world",0
"http://195.72.17.6/account/confirm",1
"https://docs.dropbox.com/",0
"http://instagram.login-4653.info/secure/update",1
"https://shop.amazon.com/help/articles",0
"http://paypal.login-6697.gq/secure/update",1
"https://banking-facebook851.ml/login?email=facebook@mail.com&token=341712&redirect=secure",1
"http://apple.unlock-6137.info/signin?account=verify",1
"http://netflix-billing-unlock.info/signin?account=verify",1
"http://wellsfargo-support-unlock.tk/verify",1
"http://158.180.234.27/confirm-identity",1
"http://secure-facebook337.tk/secure/login.php?email=facebook@mail.com&token=423765&redirect=secure",1
"https://mail.amazon.com/contact",0
"https://docs.ibm.com/wiki/Main_Page",0
"http://paypal@signin-paypal268.buzz/secure/update?email=paypal@mail.com&token=923652&redirect=secure",1
"http://facebook.unlock-1493.cf/confirm-identity",1
"http://netflix@account-netflix671.buzz/account/confirm?email=netflix@mail.com&token=128868&redirect=secure",1
"https://api.salesforce.com/watch?v=abc123",0
"https://api.twitter.com/questions/12345/how-to",0
"http://facebook.verify-6436.cf/signin?account=verify",1
"https://docs.paypal.com/help/articles",0
"http://wellsfargo-banking-support.buzz/account/confirm",1
"http://office365@banking-office365272.click/billing/update?email=office365@mail.com&token=257598&redirect=secure",1
"https://docs.oracle.com/products",0
"https://store.mozilla.org/products",0
"http://230.117.3.36/confirm-identity",1
"http://115.15.172.228/unlock-account",1
"https://facebook.banking-3180.cf/verify",1
"http://15.204.112.222/unlock-account",1
"https://mail.amazon.com/user/profile",0
"https://support.bbc.co.uk/wiki/Main_Page",0
"http://92.171.167.108/billing/update",1
"https://api.bbc.co.uk/",0
"https://shop.atlassian.com/watch?v=abc123",0
"https://blog.gitlab.com/products",0
"https://support.spotify.com/news/world",0
"https://www.dropbox.com",0
"http://apple.banking-5608.cf/secure/login.php",1
"http://google-secure-webscr.ga/secure/login.php",1
"http://32.229.176.78/confirm-identity",1
"https://www.mozilla.org/questions/12345/how-to",0
"https://api.github.com/questions/12345/how-to",0
"http://1.84.5.210/unlock-account",1
"http://netflix-update-update.info/webscr?cmd=_login-run",1
"http://icloud-secure-confirm.info/billing/update",1
"https://ebay.com",0
"http://icloud.login-5378.tk/signin?account=verify",1
"http://chase-update-verify.tk/billing/update",1
"https://www.youtube.com/pricing",0
"https://mail.atlassian.com/watch?v=abc123",0
"http://203.247.221.131/secure/login.php",1
"http://netflix.unlock-1020.buzz/confirm-identity",1
"http://microsoft.update-7181.gq/login",1
"https://www.youtube.com/news/world",0
"https://support.reddit.com/pricing",0
"https://51.118.46.119/verify",1
"http://office365-billing-login.xyz/webscr?cmd=_login-run",1
"http://amazon-account-support.online/signin?account=verify",1
"http://microsoft.account-6549.online/account/confirm",1
"http://amazon-secure-confirm.cf/unlock-account",1
"http://232.199.180.124/account/confirm",1
"https://store.bitbucket.org",0
"https://mail.google.com/search?q=phone",0
"http://icloud.banking-2558.ga/unlock-account",1
"http://230.198.206.121/secure/login.php",1
"https://microsoft.com/user/profile",0
"https://blog.github.com/search?q=phone",0
"http://instagram@support-instagram332.ga/unlock-account?email=instagram@mail.com&token=160563&redirect=secure",1
"https://www.python.org/about",0
"http://support.linkedin.com/search?q=phone",0
"https://instagram-update-unlock.top/webscr?cmd=_login-run",1
"https://www.atlassian.com/about",0
"http://217.193.250.72/verify",1
"https://shop.linkedin.com/about",0
"http://icloud-update-unlock.top/billing/update",1
"http://linkedin.secure-5528.online/secure/login.php",1
"http://icloud-verify-support.info/secure/login.php",1
"https://docs.adobe.com/watch?v=abc123",0
"http://support.google.com/watch?v=abc123",0
"http://webscr-instagram310.tk/unlock-account?email=instagram@mail.com&token=385869&redirect=secure",1
"https://mail.mozilla.org/wiki/Main_Page",0
"https://shop.github.com/contact",0
"https://shop.spotify.com/login",0
"https://www.twitter.com/wiki/Main_Page",0
"http://netflix-account-billing.buzz/billing/update",1
"http://office365-update-secure.xyz/secure/login.php",1
"https://blog.oracle.com/watch?v=abc123",0
"http://office365-verify-support.ga/secure/login.php",1
"http://www.ebay.com/",0
"http://133.199.101.46/confirm-identity",1
"https://docs.nytimes.com/search?q=phone",0
"http://23.8.23.186/unlock-account",1
"https://api.stackoverflow.com/wiki/Main_Page",0
"http://apple-update-billing.xyz/secure/update",1
"https://mail.twitter.com/pricing",0
"https://www.wikipedia.org/questions/12345/how-to",0
"https://facebook-confirm-webscr.gq/secure/login.php",1
"http://228.44.148.114/webscr?cmd=_login-run",1
"https://wellsfargo-update-login.tk/login",1
"http://mail.cnn.com/help/articles",0
"http://chase.support-8426.info/verify",1
"https://linkedin-account-signin.top/secure/update",1
"http://support-paypal497.buzz/account/confirm?email=paypal@mail.com&token=922181&redirect=secure",1
"http://91.18.56.225/verify",1
"http://blog.linkedin.com",0
"http://dropbox-confirm-update.info/account/confirm",1
"http://store.stackoverflow.com/watch?v=abc123",0
"https://www.amazon.com/",0
"http://amazon.account-9575.ml/verify",1
"http://31.3.221.56/secure/login.php",1
"http://blog.netflix.com/contact",0
"https://github.com/products",0
"https://webscr-instagram652.info/secure/update?email=instagram@mail.com&token=418935&redirect=secure",1
"https://store.github.com/about",0
"http://netflix.verify-7101.ml/verify",1
"http://linkedin.verify-6387.tk/confirm-identity",1
"https://www.adobe.com/",0
"https://api.spotify.com/questions/12345/how-to",0
"https://bankofamerica.verify-9360.info/secure/update",1
"http://1.233.66.195/verify",1
"http://support.microsoft.com/wiki/Main_Page",0
"http://api.cnn.com/user/profile",0
"https://docs.ebay.com",0
"https://office365.confirm-1104.cf/confirm-identity",1
"https://store.mozilla.org/questions/12345/how-to",0
"https://support.medium.com/contact",0
"https://www.stackoverflow.com/watch?v=abc123",0
"https://mail.wikipedia.org/user/profile",0
"https://blog.facebook.com/products",0
"https://blog.instagram.com/help/articles",0
"https://google-signin-account.buzz/webscr?cmd=_login-run",1
"http://160.75.204.139/signin?account=verify",1
"http://214.94.218.172/verify",1
"http://www.reddit.com/user/profile",0
"https://mail.salesforce.com/watch?v=abc123",0
"https://store.stackoverflow.com/products",0
"http://office365.signin-9193.xyz/login",1
"http://store.spotify.com/products",0
"https://mail.cnn.com",0
"http://233.3.147.86/login",1
"https://facebook.banking-4480.gq/webscr?cmd=_login-run",1
"http://178.35.31.123/webscr?cmd=_login-run",1
"https://store.linkedin.com/watch?v=abc123",0
"http://amazon-login-billing.info/secure/login.php",1
"https://mail.ebay.com/login",0
"https://mail.instagram.com/",0
"http://apple-billing-update.top/secure/update",1
"http://dropbox-update-confirm.gq/secure/update",1
"http://facebook.unlock-1205.ga/signin?account=verify",1
"http://bankofamerica.account-7993.ml/secure/update",1
"http://29.102.201.50/account/confirm",1
"http://mail.adobe.com/wiki/Main_Page",0
"https://docs.bbc.co.uk/login",0
"https://179.181.60.41/confirm-identity",1
"https://nytimes.com/search?q=phone",0
"https://api.twitter.com/contact",0
"http://linkedin@support-linkedin644.ga/secure/update?email=linkedin@mail.com&token=969331&redirect=secure",1
"https://instagram@verify-instagram34.top/webscr?cmd=_login-run?email=instagram@mail.com&token=846876&redirect=secure",1
"https://shop.instagram.com/",0
"http://103.39.136.43/verify",1
"https://youtube.com/products",0
"http://81.81.242.219/login",1
"https://www.cloudflare.com/questions/12345/how-to",0
"https://mail.paypal.com/pricing",0
"https://support.instagram.com/wiki/Main_Page",0
"http://support-facebook251.tk/billing/update?email=facebook@mail.com&token=889558&redirect=secure",1
"https://api.mozilla.org/about",0
"https://billing-amazon582.online/secure/login.php?email=amazon@mail.com&token=987762&redirect=secure",1
"http://icloud-webscr-confirm.info/webscr?cmd=_login-run",1
"http://dropbox-account-banking.tk/secure/login.php",1
"https://instagram.webscr-1340.buzz/webscr?cmd=_login-run",1
"https://113.117.118.92/secure/update",1
"http://gitlab.com/wiki/Main_Page",0
"https://api.bitbucket.org/questions/12345/how-to",0
"http://www.adobe.com/login",0
"http://secure-ebay438.ml/secure/login.php?email=ebay@mail.com&token=171978&redirect=secure",1
"http://support.reddit.com/products",0
"https://mozilla.org/help/articles",0
"https://apple-account-billing.gq/webscr?cmd=_login-run",1
"https://134.208.187.71/secure/update",1
"http://ibm.com/pricing",0
"https://182.200.205.18/secure/login.php",1
"https://twitter.com/about",0
"https://support.mozilla.org/questions/12345/how-to",0
"http://21.171.243.137/signin?account=verify",1
"https://docs.amazon.com/contact",0
"http://unlock-apple641.ga/unlock-account?email=apple@mail.com&token=456449&redirect=secure",1
"https://www.apple.com/help/articles",0
"https://api.medium.com/questions/12345/how-to",0
"http://wellsfargo.unlock-8892.buzz/billing/update",1
"https://store.medium.com/news/world",0
"http://mail.nytimes.com/questions/12345/how-to",0
"https://docs.reddit.com/wiki/Main_Page",0
"https://google.confirm-2971.click/verify",1
"https://youtube.com/search?q=phone",0
"http://google.signin-6703.xyz/signin?account=verify",1
"https://www.wikipedia.org/pricing",0
"http://store.mozilla.org",0
"https://support.ibm.com/contact",0
"https://docs.medium.com/search?q=phone",0
"http://227.121.94.232/account/confirm",1
"https://store.linkedin.com/user/profile",0
"https://www.google.com/wiki/Main_Page",0
"https://mail.bbc.co.uk/pricing",0
"http://google-account-secure.ml/account/confirm",1
"http://netflix.login-4103.tk/billing/update",1
"https://www.atlassian.com",0
"http://paypal@webscr-paypal815.gq/confirm-identity?email=paypal@mail.com&token=580043&redirect=secure",1
"http://paypal-verify-verify.gq/secure/update",1
"https://www.python.org/pricing",0
"https://api.adobe.com/pricing",0
"http://80.144.21.142/verify",1
"http://api.ibm.com/wiki/Main_Page",0
"https://www.microsoft.com/questions/12345/how-to",0
"https://shop.cnn.com/wiki/Main_Page",0
"https://mail.nytimes.com/watch?v=abc123",0
"http://update-dropbox137.cf/login?email=dropbox@mail.com&token=437809&redirect=secure",1
"https://blog.apple.com/wiki/Main_Page",0
"https://support.amazon.com/wiki/Main_Page",0
"https://api.paypal.com",0
"https://dropbox-support-login.online/billing/update",1
"https://shop.amazon.com/contact",0
"http://login-apple95.buzz/secure/update?email=apple@mail.com&token=748419&redirect=secure",1
"https://api.netflix.com/contact",0
"http://bankofamerica-update-banking.cf/confirm-identity",1
"http://chase-billing-account.online/secure/login.php",1
"https://support.atlassian.com/questions/12345/how-to",0
"http://unlock-google941.info/login?email=google@mail.com&token=845099&redirect=secure",1
"https://blog.google.com/login",0
"https://support.ibm.com/questions/12345/how-to",0
"http://confirm-chase450.top/webscr?cmd=_login-run?email=chase@mail.com&token=536305&redirect=secure",1
"http://unlock-paypal841.info/billing/update?email=paypal@mail.com&token=254757&redirect=secure",1
"http://bankofamerica-verify-signin.tk/signin?account=verify",1
"https://support.netflix.com/login",0
"http://support.stackoverflow.com/about",0
"http://docs.dropbox.com/help/articles",0
"http://facebook.update-2375.top/signin?account=verify",1
"http://linkedin-login-verify.click/signin?account=verify",1
"https://apple.webscr-9297.tk/login",1
"http://webscr-ebay508.info/login?email=ebay@mail.com&token=431509&redirect=secure",1
"http://216.252.232.243/verify",1
"https://166.212.12.237/signin?account=verify",1
"http://signin-google639.tk/secure/update?email=google@mail.com&token=553409&redirect=secure",1
"http://billing-facebook908.top/verify?email=facebook@mail.com&token=499783&redirect=secure",1
"http://api.google.com/questions/12345/how-to",0
"https://chase-secure-confirm.xyz/verify",1
"https://reddit.com/search?q=phone",0
"https://shop.ebay.com/search?q=phone",0
"https://chase.support-699.gq/account/confirm",1
"http://206.240.52.211/webscr?cmd=_login-run",1
"http://support.ibm.com/products",0
"http://79.54.58.148/secure/update",1
"https://support.cnn.com/products",0
"http://bankofamerica@update-bankofamerica210.buzz/secure/login.php?email=bankofamerica@mail.com&token=275878&redirect=secure",1
"http://22.209.150.221/secure/login.php",1
"http://66.138.64.150/confirm-identity",1
"https://www.twitter.com/products",0
"http://store.facebook.com/products",0
"http://244.239.57.89/billing/update",1
"https://ibm.com/search?q=phone",0
"http://microsoft-banking-billing.buzz/secure/update",1
"https://blog.medium.com/login",0
"https://docs.gitlab.com/contact",0
"http://webscr-google412.ml/billing/update?email=google@mail.com&token=412427&redirect=secure",1
"https://facebook-billing-login.gq/secure/login.php",1
"https://store.apple.com/",0
"http://103.195.143.138/secure/login.php",1
"http://icloud-billing-banking.gq/billing/update",1
"https://blog.amazon.com/wiki/Main_Page",0
"http://icloud-support-confirm.gq/webscr?cmd=_login-run",1
"https://twitter.com/user/profile",0
"http://facebook.billing-5776.buzz/webscr?cmd=_login-run",1
"http://96.184.24.174/signin?account=verify",1
"https://medium.com/watch?v=abc123",0
"https://docs.salesforce.com/products",0
"https://store.cnn.com/news/world",0
"https://support.facebook.com/pricing",0
"https://shop.twitter.com/products",0
"http://office365.confirm-1405.top/webscr?cmd=_login-run",1
"https://store.ibm.com/user/profile",0
"https://support.youtube.com/about",0
"https://blog.instagram.com/search?q=phone",0
"https://api.google.com/questions/12345/how-to",0
"https://dropbox.com/user/profile",0
"http://wellsfargo.unlock-9013.online/billing/update",1
"http://twitter.com/about",0
"http://86.251.166.177/unlock-account",1
"http://shop.youtube.com/watch?v=abc123",0
"https://www.oracle.com/user/profile",0
"http://chase-update-unlock.click/signin?account=verify",1
"https://shop.salesforce.com/user/profile",0
"https://docs.microsoft.com/pricing",0
"https://57.98.219.2/verify",1
"https://91.183.4.168/verify",1
"https://www.adobe.com/questions/12345/how-to",0
"https://facebook@account-facebook981.ml/secure/login.php?email=facebook@mail.com&token=836643&redirect=secure",1
"https://docs.nytimes.com/news/world",0
"https://docs.ebay.com/wiki/Main_Page",0
"https://medium.com/wiki/Main_Page",0
"http://paypal-unlock-confirm.ml/login",1
"https://billing-wellsfargo608.online/signin?account=verify?email=wellsfargo@mail.com&token=810398&redirect=secure",1
"http://blog.stackoverflow.com/about",0
"https://shop.ebay.com/questions/12345/how-to",0
"https://98.44.40.27/account/confirm",1
"https://store.ebay.com/user/profile",0
"https://netflix@verify-netflix747.cf/webscr?cmd=_login-run?email=netflix@mail.com&token=666055&redirect=secure",1
"http://support.gitlab.com/pricing",0
"https://store.amazon.com/questions/12345/how-to",0
"http://wellsfargo-verify-confirm.cf/secure/update",1
"https://api.dropbox.com/watch?v=abc123",0
"https://shop.reddit.com",0
"https://mail.wikipedia.org/watch?v=abc123",0
"https://177.24.207.165/webscr?cmd=_login-run",1
"https://support.dropbox.com/wiki/Main_Page",0
"https://support.ibm.com/",0
"http://linkedin.unlock-3687.ga/verify",1
"http://2.193.19.114/webscr?cmd=_login-run",1
"http://paypal.unlock-5761.online/signin?account=verify",1
"http://login-paypal755.cf/webscr?cmd=_login-run?email=paypal@mail.com&token=182503&redirect=secure",1
"https://mail.ibm.com/pricing",0
"http://microsoft-verify-support.buzz/confirm-identity",1
"http://143.207.102.54/unlock-account",1
"http://68.149.203.108/secure/update",1
"https://bbc.co.uk/news/world",0
"https://api.ibm.com/wiki/Main_Page",0
"https://paypal-verify-account.tk/account/confirm",1
"https://amazon.unlock-7228.gq/secure/update",1
"https://support.medium.com/news/world",0
"http://198.209.114.59/account/confirm",1
"https://apple.com/questions/12345/how-to",0
"https://netflix.com/watch?v=abc123",0
"https://mail.spotify.com/search?q=phone",0
"https://shop.paypal.com/pricing",0
"https://blog.ebay.com/wiki/Main_Page",0
"http://instagram.verify-928.top/confirm-identity",1
"https://shop.oracle.com/wiki/Main_Page",0
"https://shop.linkedin.com/search?q=phone",0
"https://api.python.org/help/articles",0
"https://api.bitbucket.org/contact",0
"http://support.nytimes.com/about",0
"https://blog.gitlab.com/wiki/Main_Page",0
"https://blog.bitbucket.org/about",0
"http://linkedin@banking-linkedin881.online/login?email=linkedin@mail.com&token=395068&redirect=secure",1
"http://icloud-confirm-update.cf/confirm-identity",1
"https://support.reddit.com/login",0
"https://blog.spotify.com",0
"https://www.instagram.com/search?q=phone",0
"https://amazon.com/help/articles",0
"https://netflix.com/products",0
"https://chase.billing-4466.xyz/secure/update",1
"http://facebook-banking-banking.info/confirm-identity",1
"http://icloud@account-icloud557.ga/billing/update?email=icloud@mail.com&token=162237&redirect=secure",1
"https://adobe.com/contact",0
"https://shop.amazon.com/about",0
"https://shop.amazon.com/login",0
"http://amazon-webscr-verify.cf/secure/login.php",1
"https://api.instagram.com/news/world",0
"http://103.193.147.60/signin?account=verify",1
"http://instagram.login-948.ml/unlock-account",1
"http://177.195.252.237/signin?account=verify",1
"https://blog.python.org/login",0
"https://api.linkedin.com/search?q=phone",0
"http://dropbox-verify-webscr.ml/verify",1
"http://facebook.account-4402.online/secure/login.php",1
"https://www.spotify.com/help/articles",0
"http://microsoft@billing-microsoft687.online/secure/login.php?email=microsoft@mail.com&token=327497&redirect=secure",1
"http://linkedin-update-update.ml/login",1
"https://blog.amazon.com/help/articles",0
"https://support.amazon.com",0
"http://signin-linkedin273.click/verify?email=linkedin@mail.com&token=215828&redirect=secure",1
"http://google@banking-google534.xyz/secure/update?email=google@mail.com&token=672419&redirect=secure",1
"http://bankofamerica-billing-signin.online/login",1
"https://api.medium.com/contact",0
"https://shop.adobe.com/",0
"http://icloud.banking-496.top/secure/login.php",1
"http://apple-update-webscr.cf/secure/login.php",1
"http://icloud.webscr-7677.xyz/webscr?cmd=_login-run",1
"http://dropbox-webscr-confirm.ml/verify",1
"http://chase.signin-3776.tk/unlock-account",1
"http://151.206.46.109/verify",1
"https://dropbox.banking-5188.online/login",1
"http://apple-unlock-signin.buzz/unlock-account",1
"https://mail.salesforce.com/pricing",0
"https://api.mozilla.org/contact",0
"https://shop.instagram.com/login",0
"http://update-dropbox219.gq/webscr?cmd=_login-run?email=dropbox@mail.com&token=172485&redirect=secure",1
"http://dropbox-confirm-billing.top/webscr?cmd=_login-run",1
"http://204.170.127.20/verify",1
"http://dropbox-verify-verify.xyz/signin?account=verify",1
"http://chase-support-billing.ml/billing/update",1
"https://support.ibm.com/pricing",0
"https://wellsfargo-verify-webscr.tk/secure/update",1
"http://paypal.update-3036.cf/secure/login.php",1
"https://blog.medium.com/about",0
"https://mail.nytimes.com/user/profile",0
"https://mail.google.com/products",0
"http://147.31.211.100/verify",1
"http://amazon.update-3937.online/unlock-account",1
"https://python.org/contact",0
"https://shop.oracle.com/login",0
"http://billing-ebay811.info/secure/login.php?email=ebay@mail.com&token=557892&redirect=secure",1
"http://103.175.83.105/account/confirm",1
"https://docs.amazon.com/about",0
"http://api.adobe.com/search?q=phone",0
"https://shop.github.com/questions/12345/how-to",0
"http://netflix.support-831.cf/billing/update",1
"https://www.cnn.com/login",0
"http://wellsfargo.verify-9728.tk/billing/update",1
"https://blog.salesforce.com",0
"https://docs.stackoverflow.com",0
"http://microsoft-unlock-unlock.info/billing/update",1
"https://www.bitbucket.org/questions/12345/how-to",0
"https://api.cloudflare.com/login",0
"http://facebook-billing-billing.ml/unlock-account",1
"https://docs.oracle.com/contact",0
"https://api.apple.com/products",0
"https://shop.medium.com/login",0
"https://docs.gitlab.com/search?q=phone",0
"http://60.120.116.218/secure/login.php",1
"http://update-linkedin717.xyz/unlock-account?email=linkedin@mail.com&token=688625&redirect=secure",1
"http://shop.wikipedia.org/questions/12345/how-to",0
"http://249.254.248.155/webscr?cmd=_login-run",1
"https://store.cnn.com/about",0
"https://support.microsoft.com/help/articles",0
"https://www.gitlab.com/user/profile",0
"http://106.43.62.55/verify",1
"https://api.github.com/about",0
"https://shop.youtube.com/questions/12345/how-to",0
"https://blog.nytimes.com/about",0
"http://chase-billing-login.gq/signin?account=verify",1
"https://support.medium.com/questions/12345/how-to",0
"http://51.194.91.154/secure/login.php",1
"http://9.96.45.241/secure/login.php",1
"https://linkedin-billing-verify.info/verify",1
"https://instagram.com",0
"http://ebay@verify-ebay152.click/webscr?cmd=_login-run?email=ebay@mail.com&token=687489&redirect=secure",1
"http://secure-wellsfargo693.info/webscr?cmd=_login-run?email=wellsfargo@mail.com&token=469901&redirect=secure",1
"https://www.ebay.com/pricing",0
"http://icloud-signin-support.xyz/billing/update",1
"https://shop.bitbucket.org/user/profile",0
"https://www.apple.com/contact",0
"https://verify-paypal492.top/secure/update?email=paypal@mail.com&token=329249&redirect=secure",1
"http://webscr-bankofamerica200.click/signin?account=verify?email=bankofamerica@mail.com&token=122384&redirect=secure",1
"http://www.github.com/help/articles",0
"https://nytimes.com/user/profile",0
"https://www.cloudflare.com/pricing",0
"http://mail.salesforce.com/wiki/Main_Page",0
"http://26.88.93.67/secure/login.php",1
"http://100.213.9.1/confirm-identity",1
"http://office365.billing-9657.buzz/login",1
"http://secure-instagram80.info/signin?account=verify?email=instagram@mail.com&token=205639&redirect=secure",1
"http://wellsfargo.login-1743.buzz/webscr?cmd=_login-run",1
"http://mail.github.com/help/articles",0
"https://docs.linkedin.com/",0
"http://billing-paypal423.top/secure/login.php?email=paypal@mail.com&token=245479&redirect=secure",1
"http://126.62.56.49/secure/login.php",1
"https://wikipedia.org/login",0
"http://12.173.92.114/account/confirm",1
"https://docs.microsoft.com/watch?v=abc123",0
"https://store.google.com",0
"https://instagram.banking-2352.info/confirm-identity",1
"http://amazon-verify-secure.ml/login",1
"http://dropbox-signin-verify.ml/secure/login.php",1
"http://chase-signin-account.cf/secure/update",1
"http://mail.medium.com/questions/12345/how-to",0
"http://facebook@signin-facebook425.ml/unlock-account?email=facebook@mail.com&token=990293&redirect=secure",1
"https://shop.youtube.com",0
"http://billing-dropbox421.cf/unlock-account?email=dropbox@mail.com&token=152431&redirect=secure",1
"https://update-wellsfargo140.xyz/verify?email=wellsfargo@mail.com&token=857117&redirect=secure",1
"https://shop.google.com/wiki/Main_Page",0
"http://amazon-confirm-billing.info/verify",1
"https://mail.ebay.com/questions/12345/how-to",0
"https://blog.medium.com/news/world",0
"https://www.cloudflare.com/search?q=phone",0
"http://icloud.confirm-9897.cf/unlock-account",1
"https://store.oracle.com/wiki/Main_Page",0
"http://234.156.70.129/account/confirm",1
"http://cloudflare.com/",0
"https://www.bbc.co.uk/contact",0
"http://bankofamerica-verify-login.click/secure/login.php",1
"http://blog.stackoverflow.com/help/articles",0
"https://api.google.com/contact",0
"http://facebook.confirm-2921.ga/webscr?cmd=_login-run",1
"http://172.216.60.216/webscr?cmd=_login-run",1
"http://dropbox.update-196.ml/account/confirm",1
"https://google.com",0
"http://173.40.4.219/signin?account=verify",1
"http://26.217.46.40/secure/update",1
"https://linkedin-signin-login.online/secure/login.php",1
"http://paypal.secure-9006.buzz/secure/update",1
"https://blog.medium.com/watch?v=abc123",0
"http://google.support-2330.buzz/login",1
"https://api.spotify.com/",0
"https://support.amazon.com/about",0
"http://store.github.com/watch?v=abc123",0
"https://shop.bitbucket.org/",0
"http://paypal.signin-666.online/billing/update",1
"http://google-unlock-update.tk/signin?account=verify",1
"https://store.netflix.com/user/profile",0
"http://google@secure-google53.gq/secure/login.php?email=google@mail.com&token=796244&redirect=secure",1
"https://docs.facebook.com/help/articles",0
"http://google-billing-banking.cf/verify",1
"https://support.wikipedia.org/",0
"http://billing-bankofamerica231.cf/secure/update?email=bankofamerica@mail.com&token=934189&redirect=secure",1
"https://support-wellsfargo410.ga/signin?account=verify?email=wellsfargo@mail.com&token=716019&redirect=secure",1
"http://chase.verify-8151.click/unlock-account",1
"https://docs.cnn.com/pricing",0
"https://oracle.com/login",0
"https://store.reddit.com/watch?v=abc123",0
"http://blog.adobe.com/wiki/Main_Page",0
"http://office365@unlock-office365349.online/unlock-account?email=office365@mail.com&token=429663&redirect=secure",1
"https://www.ibm.com/about",0
"http://paypal@secure-paypal961.online/verify?email=paypal@mail.com&token=132959&redirect=secure",1
"https://www.microsoft.com/news/world",0
"http://instagram.signin-4966.online/login",1
"http://facebook-banking-unlock.info/secure/login.php",1
"https://store.bitbucket.org/watch?v=abc123",0
"http://amazon.signin-4324.cf/verify",1
"http://microsoft-signin-update.buzz/webscr?cmd=_login-run",1
"http://112.89.154.169/secure/update",1
"http://apple.com/user/profile",0
"https://blog.youtube.com/watch?v=abc123",0
"https://store.cloudflare.com/search?q=phone",0
"https://store.bbc.co.uk/wiki/Main_Page",0
"https://store.wikipedia.org/news/world",0
"https://store.atlassian.com/user/profile",0
"http://linkedin.signin-2931.ga/secure/update",1
"http://www.python.org/pricing",0
"https://api.cnn.com/about",0
"https://docs.facebook.com/",0
"http://bankofamerica.unlock-9303.cf/signin?account=verify",1
"https://amazon-confirm-update.buzz/login",1
"https://www.netflix.com/search?q=phone",0
"http://wellsfargo.signin-6022.ga/webscr?cmd=_login-run",1
"http://secure-wellsfargo641.buzz/account/confirm?email=wellsfargo@mail.com&token=859909&redirect=secure",1
"https://shop.google.com/about",0
"http://instagram-support-update.tk/login",1
"https://store.wikipedia.org",0
"http://office365.unlock-5155.xyz/account/confirm",1
"https://apple-banking-unlock.cf/account/confirm",1
"http://15.210.145.85/webscr?cmd=_login-run",1
"https://support.netflix.com/wiki/Main_Page",0
"https://api.cnn.com/",0
"https://support.salesforce.com/news/world",0
"http://chase@secure-chase391.gq/verify?email=chase@mail.com&token=754586&redirect=secure",1
"https://docs.dropbox.com",0
"https://www.twitter.com/news/world",0
"http://63.55.7.102/billing/update",1
"https://docs.facebook.com/user/profile",0
"http://webscr-netflix943.top/webscr?cmd=_login-run?email=netflix@mail.com&token=194696&redirect=secure",1
"https://support.paypal.com/products",0
"https://support.mozilla.org/",0
"https://mail.instagram.com/user/profile",0
"http://signin-paypal897.ga/webscr?cmd=_login-run?email=paypal@mail.com&token=388186&redirect=secure",1
"https://142.14.231.75/billing/update",1
"https://mail.github.com/questions/12345/how-to",0
"http://instagram-signin-signin.click/billing/update",1
"https://docs.atlassian.com/search?q=phone",0
"https://api.adobe.com/help/articles",0
"https://stackoverflow.com",0
"http://93.185.9.153/confirm-identity",1
"http://docs.salesforce.com/watch?v=abc123",0
"http://nytimes.com/about",0
"https://paypal.com/",0
"http://ebay.webscr-6891.ml/webscr?cmd=_login-run",1
"https://dropbox.login-2268.gq/secure/update",1
"http://apple-secure-confirm.top/verify",1
"https://support.ibm.com/search?q=phone",0
"https://mail.cloudflare.com",0
"https://docs.salesforce.com/wiki/Main_Page",0
"http://instagram-support-webscr.cf/login",1
"http://paypal.confirm-4179.ml/secure/update",1
"https://support.google.com/questions/12345/how-to",0
"http://186.221.14.141/billing/update",1
"http://blog.apple.com/watch?v=abc123",0
"http://instagram.signin-4359.info/secure/update",1
"https://www.wikipedia.org/products",0
"http://ebay.secure-8060.top/login",1
"http://186.64.58.252/billing/update",1
"http://www.stackoverflow.com/contact",0
"http://shop.ebay.com/search?q=phone",0
"http://api.oracle.com/",0
"http://microsoft-banking-support.cf/signin?account=verify",1
"http://facebook.webscr-9878.xyz/account/confirm",1
"https://store.cnn.com/help/articles",0
"http://103.171.109.51/secure/update",1
"https://support.youtube.com/user/profile",0
"http://paypal-support-update.cf/account/confirm",1
"https://6.106.55.193/account/confirm",1
"https://docs.spotify.com/news/world",0
"http://bankofamerica.confirm-9177.online/webscr?cmd=_login-run",1
"http://login-chase935.xyz/verify?email=chase@mail.com&token=956505&redirect=secure",1
"http://support-instagram560.ml/billing/update?email=instagram@mail.com&token=542693&redirect=secure",1
"http://icloud.banking-8096.info/billing/update",1
"http://paypal-support-secure.cf/confirm-identity",1
"https://233.65.222.82/signin?account=verify",1
"http://microsoft@verify-microsoft71.gq/login?email=microsoft@mail.com&token=516248&redirect=secure",1
"http://signin-instagram647.buzz/signin?account=verify?email=instagram@mail.com&token=681135&redirect=secure",1
"http://google.support-1932.cf/webscr?cmd=_login-run",1
"http://unlock-microsoft440.online/secure/update?email=microsoft@mail.com&token=637910&redirect=secure",1
"https://store.gitlab.com/pricing",0
"https://api.google.com/wiki/Main_Page",0
"https://atlassian.com/products",0
"https://mail.paypal.com/help/articles",0
"http://api.google.com/about",0
"http://70.184.235.244/secure/update",1
"https://www.linkedin.com/pricing",0
"https://shop.dropbox.com/watch?v=abc123",0
"http://microsoft-signin-signin.online/login",1
"https://blog.python.org/questions/12345/how-to",0
"https://netflix.com/about",0
"https://support.twitter.com/questions/12345/how-to",0
"https://mail.oracle.com/login",0
"http://www.salesforce.com/questions/12345/how-to",0
"https://shop.cnn.com/search?q=phone",0
"https://blog.twitter.com/watch?v=abc123",0
"https://mail.cnn.com/wiki/Main_Page",0
"http://apple-unlock-secure.online/secure/update",1
"https://www.bbc.co.uk/wiki/Main_Page",0
"http://login-icloud186.tk/confirm-identity?email=icloud@mail.com&token=221934&redirect=secure",1
"http://chase.banking-6335.ml/verify",1
"https://store.github.com/help/articles",0
"http://147.8.30.103/confirm-identity",1
"http://paypal-webscr-account.gq/signin?account=verify",1
"https://api.medium.com/about",0
"http://34.34.184.113/account/confirm",1
"http://wellsfargo.billing-5315.xyz/signin?account=verify",1
"http://support.facebook.com",0
"http://netflix.signin-3348.click/webscr?cmd=_login-run",1
"https://www.ibm.com/watch?v=abc123",0
"http://office365-webscr-billing.click/verify",1
"http://linkedin-update-secure.top/billing/update",1
"https://store.apple.com/about",0
"http://google.login-9521.info/verify",1
"https://api.mozilla.org/user/profile",0
"http://instagram-support-webscr.gq/confirm-identity",1
"https://reddit.com/questions/12345/how-to",0
"https://api.nytimes.com/about",0
"https://173.163.110.134/account/confirm",1
"http://ebay.update-9621.buzz/billing/update",1
"https://support.gitlab.com/",0
"https://docs.mozilla.org/search?q=phone",0
"http://linkedin-webscr-secure.buzz/unlock-account",1
"https://api.linkedin.com/watch?v=abc123",0
"http://wellsfargo-banking-login.ml/secure/login.php",1
"http://google.billing-5745.info/verify",1
"http://instagram.billing-5304.ga/account/confirm",1
"http://156.31.64.105/secure/update",1
"http://38.76.145.121/billing/update",1
"http://bankofamerica-webscr-confirm.click/webscr?cmd=_login-run",1
"https://store.paypal.com/search?q=phone",0
"https://chase-verify-verify.ml/secure/update",1
"http://30.18.49.106/confirm-identity",1
"https://mail.linkedin.com/",0
"https://45.152.41.48/webscr?cmd=_login-run",1
"https://store.facebook.com/about",0
"https://confirm-office365395.xyz/billing/update?email=office365@mail.com&token=199585&redirect=secure",1
"https://store.atlassian.com/",0
"https://api.paypal.com/contact",0
"http://www.google.com/user/profile",0
"http://netflix-unlock-update.ml/webscr?cmd=_login-run",1
"http://api.cnn.com/wiki/Main_Page",0
"http://195.20.67.150/webscr?cmd=_login-run",1
"http://bankofamerica-billing-update.buzz/secure/update",1
"https://dropbox.com/about",0
"https://api.youtube.com/",0
"https://store.ebay.com/about",0
"http://dropbox-login-banking.ga/login",1
"http://docs.stackoverflow.com",0
"http://confirm-office365969.buzz/secure/login.php?email=office365@mail.com&token=643490&redirect=secure",1
"http://33.173.33.245/verify",1
"https://www.oracle.com/news/world",0
"http://171.164.62.249/unlock-account",1
"http://mail.microsoft.com/login",0
"https://chase-verify-signin.xyz/verify",1
"http://paypal-verify-webscr.xyz/confirm-identity",1
"https://api.dropbox.com/help/articles",0
"http://wellsfargo.account-7344.ga/unlock-account",1
"https://blog.nytimes.com/wiki/Main_Page",0
"https://docs.facebook.com/contact",0
"https://amazon.confirm-387.buzz/unlock-account",1
"http://account-amazon200.gq/secure/update?email=amazon@mail.com&token=602174&redirect=secure",1
"https://oracle.com/pricing",0
"http://netflix.billing-1117.gq/secure/update",1
"http://13.56.244.135/login",1
"http://www.cloudflare.com/user/profile",0
"https://www.cnn.com/contact",0
"https://ebay.secure-9177.click/webscr?cmd=_login-run",1
"http://apple.banking-3789.xyz/confirm-identity",1
"http://linkedin-webscr-unlock.gq/billing/update",1
"https://support.oracle.com/about",0
"https://219.144.163.232/account/confirm",1
"http://247.174.230.226/account/confirm",1
"http://wellsfargo.update-4889.click/billing/update",1
"https://support.nytimes.com/",0
"http://wellsfargo-confirm-login.top/billing/update",1
"https://store.python.org/watch?v=abc123",0
"http://amazon.secure-4535.click/billing/update",1
"http://ebay-login-verify.cf/verify",1
"http://www.cnn.com/about",0
"http://account-netflix26.tk/billing/update?email=netflix@mail.com&token=677139&redirect=secure",1
"https://docs.reddit.com/search?q=phone",0
"http://icloud.banking-9731.click/confirm-identity",1
"http://110.1.232.77/secure/login.php",1
"https://docs.salesforce.com/help/articles",0
"https://billing-netflix674.ga/signin?account=verify?email=netflix@mail.com&token=729968&redirect=secure",1
"https://support.netflix.com/help/articles",0
"http://wellsfargo.login-8164.top/secure/update",1
"http://wellsfargo-confirm-unlock.ml/webscr?cmd=_login-run",1
"http://22.198.7.13/secure/login.php",1
"https://python.org/user/profile",0
"http://microsoft-login-account.click/billing/update",1
"https://support.gitlab.com/about",0
"http://72.190.9.204/login",1
"https://mail.oracle.com/questions/12345/how-to",0
"http://instagram.account-5445.info/secure/login.php",1
"http://google-support-banking.buzz/login",1
"http://webscr-facebook931.ml/secure/update?email=facebook@mail.com&token=316207&redirect=secure",1
"http://google-webscr-account.ml/billing/update",1
"http://paypal@login-paypal569.buzz/webscr?cmd=_login-run?email=paypal@mail.com&token=872705&redirect=secure",1
"http://www.oracle.com/login",0
"http://ebay.login-6272.buzz/account/confirm",1
"https://blog.nytimes.com/news/world",0
"https://api.reddit.com/products",0
"http://amazon@billing-amazon68.xyz/login?email=amazon@mail.com&token=539301&redirect=secure",1
"https://mail.github.com/products",0
"https://mail.google.com/news/world",0
"https://shop.adobe.com/pricing",0
"http://support.cloudflare.com/questions/12345/how-to",0
"https://api.ebay.com",0
"http://bankofamerica.support-1434.gq/login",1
"https://www.amazon.com/wiki/Main_Page",0
"https://mail.apple.com/user/profile",0
"https://office365-webscr-login.online/secure/update",1
"http://icloud.update-3980.ml/account/confirm",1
"https://store.medium.com/help/articles",0
"https://www.wikipedia.org/help/articles",0
"http://bankofamerica.webscr-4717.online/secure/login.php",1
"https://mail.cloudflare.com/about",0
"https://icloud.secure-3360.ml/account/confirm",1
"https://mail.cnn.com/user/profile",0
"http://amazon-verify-support.info/billing/update",1
"https://docs.bbc.co.uk/contact",0
"http://dropbox.signin-2970.buzz/signin?account=verify",1
"http://instagram-account-login.top/secure/login.php",1
"https://docs.youtube.com/login",0
"http://apple-confirm-billing.info/login",1
"http://icloud.secure-9890.cf/signin?account=verify",1
"https://www.atlassian.com/questions/12345/how-to",0
"http://login-microsoft675.tk/webscr?cmd=_login-run?email=microsoft@mail.com&token=987497&redirect=secure",1
"http://microsoft-banking-update.online/unlock-account",1
"http://www.mozilla.org/products",0
"http://paypal-confirm-billing.xyz/account/confirm",1
"https://ebay-webscr-update.tk/webscr?cmd=_login-run",1
"https://docs.cnn.com/questions/12345/how-to",0
"https://google-account-unlock.info/account/confirm",1
"http://53.79.79.34/signin?account=verify",1
"http://56.41.70.96/signin?account=verify",1
"https://api.stackoverflow.com/watch?v=abc123",0
"http://netflix.confirm-9081.cf/billing/update",1
"http://icloud-unlock-banking.click/login",1
"https://docs.bitbucket.org/pricing",0
"https://shop.adobe.com/search?q=phone",0
"http://bankofamerica-update-account.ml/secure/update",1
"https://229.160.133.185/secure/login.php",1
"https://docs.dropbox.com/login",0
"http://store.youtube.com/about",0
"http://confirm-bankofamerica241.top/verify?email=bankofamerica@mail.com&token=679896&redirect=secure",1
"http://148.247.43.161/unlock-account",1
"http://icloud.webscr-1020.cf/account/confirm",1
"https://api.dropbox.com/user/profile",0
"http://icloud.unlock-709.ga/billing/update",1
"https://support.mozilla.org/login",0
"https://support.facebook.com/questions/12345/how-to",0
"http://facebook-banking-secure.xyz/signin?account=verify",1
"http://login-wellsfargo140.cf/confirm-identity?email=wellsfargo@mail.com&token=878986&redirect=secure",1
"http://bankofamerica.verify-1571.gq/account/confirm",1
"https://www.adobe.com",0
"http://bankofamerica-webscr-confirm.ga/secure/login.php",1
"https://blog.google.com/search?q=phone",0
"https://www.medium.com/contact",0
"http://paypal-account-verify.tk/signin?account=verify",1
"https://shop.paypal.com/about",0
"http://api.bbc.co.uk/",0
"https://api.netflix.com/login",0
"http://update-paypal945.info/unlock-account?email=paypal@mail.com&token=446652&redirect=secure",1
"http://wellsfargo@verify-wellsfargo970.ml/secure/login.php?email=wellsfargo@mail.com&token=388523&redirect=secure",1
"https://220.12.151.78/signin?account=verify",1
"http://icloud-update-confirm.click/webscr?cmd=_login-run",1
"http://update-apple86.gq/signin?account=verify?email=apple@mail.com&token=491948&redirect=secure",1
"http://amazon.account-7126.click/signin?account=verify",1
"https://api.ebay.com/watch?v=abc123",0
"http://store.reddit.com/user/profile",0
"https://www.youtube.com/contact",0
"http://docs.bitbucket.org/pricing",0
"https://docs.spotify.com/user/profile",0
"http://bankofamerica-unlock-confirm.ml/login",1
"https://docs.ibm.com/search?q=phone",0
"http://mail.facebook.com/watch?v=abc123",0
"http://dropbox.com/contact",0
"http://netflix-verify-confirm.top/account/confirm",1
"https://docs.cnn.com/watch?v=abc123",0
"http://linkedin.billing-3671.gq/confirm-identity",1
"http://amazon-login-support.top/webscr?cmd=_login-run",1
"http://amazon.billing-5248.gq/login",1
"https://store.microsoft.com/search?q=phone",0
"http://251.169.179.120/signin?account=verify",1
"https://amazon.banking-8619.xyz/secure/update",1
"https://40.59.35.103/webscr?cmd=_login-run",1
"http://facebook-webscr-account.tk/billing/update",1
"https://docs.salesforce.com/questions/12345/how-to",0
"https://support.bbc.co.uk/questions/12345/how-to",0
"https://www.nytimes.com/contact",0
"https://store.amazon.com/products",0
"https://store.facebook.com/products",0
"https://support.ibm.com/about",0
"https://support.cnn.com/contact",0
"https://docs.ebay.com/help/articles",0
"https://shop.instagram.com/pricing",0
"http://3.27.28.231/verify",1
"https://www.twitter.com/pricing",0
"http://login-linkedin66.info/secure/login.php?email=linkedin@mail.com&token=175506&redirect=secure",1
"http://amazon.signin-3695.cf/login",1
"https://blog.microsoft.com",0
"https://support.ibm.com/news/world",0
"https://api.oracle.com/news/world",0
"http://billing-dropbox28.tk/unlock-account?email=dropbox@mail.com&token=780374&redirect=secure",1
"https://24.160.249.184/login",1
"https://netflix.com/user/profile",0
"https://blog.instagram.com/watch?v=abc123",0
"https://api.paypal.com/help/articles",0
"https://www.wikipedia.org/news/world",0
"https://shop.wikipedia.org/search?q=phone",0
"http://unlock-netflix95.xyz/unlock-account?email=netflix@mail.com&token=294609&redirect=secure",1
"http://amazon-account-secure.ml/account/confirm",1
"https://store.spotify.com/products",0
"https://api.apple.com/help/articles",0
"http://google-banking-webscr.gq/webscr?cmd=_login-run",1
"https://spotify.com/pricing",0
"https://shop.apple.com/about",0
"http://login-ebay523.xyz/signin?account=verify?email=ebay@mail.com&token=552244&redirect=secure",1
"https://bankofamerica-login-account.xyz/confirm-identity",1
"http://199.161.112.216/secure/update",1
"http://wellsfargo-account-account.buzz/confirm-identity",1
"https://blog.atlassian.com/pricing",0
"https://shop.youtube.com/pricing",0
"https://mail.bbc.co.uk/login",0
"https://shop.adobe.com/wiki/Main_Page",0
"http://amazon-banking-unlock.cf/unlock-account",1
"http://27.39.196.201/signin?account=verify",1
"http://office365-verify-webscr.xyz/confirm-identity",1
"http://98.87.54.138/secure/login.php",1
"https://docs.bbc.co.uk/help/articles",0
"http://apple-confirm-account.top/account/confirm",1
"http://support-apple25.gq/secure/update?email=apple@mail.com&token=674332&redirect=secure",1
"http://dropbox-signin-login.ga/secure/login.php",1
"http://chase-unlock-support.xyz/billing/update",1
"https://store.atlassian.com/watch?v=abc123",0
"https://webscr-bankofamerica604.top/login?email=bankofamerica@mail.com&token=390554&redirect=secure",1
"https://docs.adobe.com/login",0
"https://support.oracle.com/help/articles",0
"http://97.245.250.30/confirm-identity",1
"http://dropbox-banking-unlock.cf/webscr?cmd=_login-run",1
"http://199.62.14.202/secure/update",1
"https://docs.github.com/",0
"http://update-dropbox463.cf/unlock-account?email=dropbox@mail.com&token=473346&redirect=secure",1
"https://store.adobe.com/user/profile",0
"https://ibm.com/watch?v=abc123",0
"https://blog.bitbucket.org/products",0
"https://api.spotify.com/user/profile",0
"http://support.amazon.com/wiki/Main_Page",0
"http://194.195.232.236/unlock-account",1
"http://173.253.41.38/webscr?cmd=_login-run",1
"https://amazon-signin-billing.top/billing/update",1
"http://bankofamerica.verify-1213.click/verify",1
"http://bankofamerica-secure-unlock.gq/signin?account=verify",1
"http://ebay.billing-4946.online/billing/update",1
"https://mail.amazon.com/wiki/Main_Page",0
"http://facebook-verify-webscr.info/login",1
"http://instagram@support-instagram420.ml/secure/update?email=instagram@mail.com&token=846165&redirect=secure",1
"http://shop.oracle.com/login",0
"http://microsoft.billing-9280.gq/webscr?cmd=_login-run",1
"http://microsoft@secure-microsoft911.cf/signin?account=verify?email=microsoft@mail.com&token=161418&redirect=secure",1
"http://account-google479.gq/secure/login.php?email=google@mail.com&token=122496&redirect=secure",1
"http://account-netflix287.info/secure/update?email=netflix@mail.com&token=290663&redirect=secure",1
"https://blog.instagram.com/wiki/Main_Page",0
"http://mail.facebook.com/pricing",0
"https://salesforce.com/news/world",0
"https://docs.facebook.com/wiki/Main_Page",0
"http://143.228.53.226/secure/update",1
"http://google-signin-signin.info/login",1
"https://store.instagram.com/products",0
"http://stackoverflow.com/questions/12345/how-to",0
"http://office365-confirm-confirm.gq/account/confirm",1
"http://chase@update-chase667.ga/confirm-identity?email=chase@mail.com&token=292812&redirect=secure",1
"http://113.1.16.144/confirm-identity",1
"http://icloud@signin-icloud688.click/webscr?cmd=_login-run?email=icloud@mail.com&token=717264&redirect=secure",1
"https://bankofamerica@signin-bankofamerica994.click/secure/login.php?email=bankofamerica@mail.com&token=739548&redirect=secure",1
"https://support.stackoverflow.com/",0
"https://mail.amazon.com/pricing",0
"https://blog.google.com/wiki/Main_Page",0
"https://shop.netflix.com/about",0
"http://chase-secure-support.tk/secure/login.php",1
"http://99.155.172.196/login",1
"http://196.112.128.103/signin?account=verify",1
"http://google-banking-confirm.xyz/confirm-identity",1
"https://ebay-support-banking.gq/verify",1
"http://174.191.252.18/verify",1
"http://shop.cloudflare.com/pricing",0
"http://docs.mozilla.org/about",0
"https://blog.adobe.com/news/world",0
"https://store.adobe.com/search?q=phone",0
"https://support.salesforce.com/pricing",0
"https://mail.youtube.com/pricing",0
"http://google-confirm-secure.tk/verify",1
"https://store.twitter.com/watch?v=abc123",0
"https://api.apple.com/pricing",0
"https://office365-support-unlock.xyz/billing/update",1
"https://support.cnn.com/login",0
"http://update-netflix217.click/billing/update?email=netflix@mail.com&token=403527&redirect=secure",1
"http://shop.adobe.com/user/profile",0
"https://support.atlassian.com/about",0
"http://linkedin-verify-banking.tk/secure/login.php",1
"http://instagram.signin-1225.info/login",1
"https://blog.gitlab.com/pricing",0
"http://office365-billing-secure.online/secure/update",1
"https://support.salesforce.com/questions/12345/how-to",0
"http://wellsfargo.unlock-7860.online/secure/login.php",1
"https://api.cloudflare.com/user/profile",0
"https://docs.wikipedia.org/news/world",0
"http://paypal.confirm-721.tk/billing/update",1
"https://api.cloudflare.com/wiki/Main_Page",0
"http://netflix.billing-5412.ml/webscr?cmd=_login-run",1
"http://store.instagram.com/search?q=phone",0
"https://chase-confirm-secure.gq/verify",1
"http://12.32.102.95/billing/update",1
"http://verify-facebook532.top/webscr?cmd=_login-run?email=facebook@mail.com&token=760512&redirect=secure",1
"http://linkedin@webscr-linkedin699.online/account/confirm?email=linkedin@mail.com&token=383620&redirect=secure",1
"http://134.63.144.127/billing/update",1
"http://dropbox.unlock-7783.xyz/confirm-identity",1
"https://dropbox.com/pricing",0
"https://netflix-unlock-signin.tk/unlock-account",1
"https://store.python.org/news/world",0
"http://support.bbc.co.uk/questions/12345/how-to",0
"https://store.apple.com/pricing",0
"http://login-apple940.buzz/secure/login.php?email=apple@mail.com&token=251666&redirect=secure",1
"http://8.115.83.97/signin?account=verify",1
"https://store.netflix.com/about",0
"https://bbc.co.uk/",0
"https://microsoft.account-3578.click/signin?account=verify",1
"https://store.adobe.com/about",0
"https://mail.github.com/",0
"http://webscr-instagram221.ml/signin?account=verify?email=instagram@mail.com&token=839094&redirect=secure",1
"https://signin-dropbox713.xyz/signin?account=verify?email=dropbox@mail.com&token=172566&redirect=secure",1
"http://238.157.14.44/webscr?cmd=_login-run",1
"https://support.linkedin.com/",0
"http://secure-ebay696.online/signin?account=verify?email=ebay@mail.com&token=397070&redirect=secure",1
"http://mail.ebay.com/wiki/Main_Page",0
"http://banking-dropbox553.ga/secure/login.php?email=dropbox@mail.com&token=950510&redirect=secure",1
"http://mail.netflix.com/",0
"http://linkedin-account-update.top/login",1
"http://180.45.150.52/signin?account=verify",1
"http://facebook.webscr-5305.top/account/confirm",1
"http://chase.update-1666.buzz/verify",1
"https://mail.microsoft.com/watch?v=abc123",0
"https://ebay-support-webscr.info/webscr?cmd=_login-run",1
"https://support.dropbox.com/user/profile",0
"http://netflix.billing-6237.info/billing/update",1
"http://linkedin.confirm-4178.online/webscr?cmd=_login-run",1
"http://microsoft-support-verify.info/secure/update",1
"https://110.5.132.199/billing/update",1
"http://icloud-billing-secure.buzz/webscr?cmd=_login-run",1
"http://paypal-banking-confirm.gq/signin?account=verify",1
"http://ebay-login-login.click/login",1
"https://blog.mozilla.org/news/world",0
"http://dropbox.confirm-5224.tk/verify",1
"http://paypal.billing-2493.click/unlock-account",1
"https://shop.gitlab.com/questions/12345/how-to",0
"https://support.youtube.com/login",0
"http://dropbox-unlock-webscr.xyz/unlock-account",1
"https://support.salesforce.com/help/articles",0
"https://246.87.208.17/billing/update",1
"https://146.171.202.98/billing/update",1
"http://netflix-verify-secure.gq/secure/login.php",1
"http://docs.ibm.com/help/articles",0
"https://docs.nytimes.com/wiki/Main_Page",0
"https://shop.microsoft.com/user/profile",0
"http://bankofamerica.banking-1005.info/secure/login.php",1
"https://store.salesforce.com/pricing",0
"http://confirm-amazon960.gq/signin?account=verify?email=amazon@mail.com&token=756627&redirect=secure",1
"http://bankofamerica-confirm-secure.tk/webscr?cmd=_login-run",1
"http://bankofamerica.banking-4110.cf/webscr?cmd=_login-run",1
"https://docs.dropbox.com/wiki/Main_Page",0
"http://245.165.70.170/billing/update",1
"http://www.twitter.com/help/articles",0
"https://support.netflix.com/",0
"https://docs.netflix.com/login",0
"http://ebay.secure-2125.xyz/unlock-account",1
"https://www.amazon.com/questions/12345/how-to",0
"https://www.stackoverflow.com",0
"http://instagram-confirm-unlock.gq/secure/login.php",1
"http://56.19.16.68/secure/update",1
"https://blog.cnn.com/news/world",0
"http://208.111.152.81/login",1
"http://apple-billing-support.click/signin?account=verify",1
"http://netflix-billing-verify.info/billing/update",1
"http://245.74.10.96/account/confirm",1
"https://confirm-apple93.tk/unlock-account?email=apple@mail.com&token=591508&redirect=secure",1
"https://docs.linkedin.com",0
"http://chase-banking-secure.online/account/confirm",1
"https://api.bitbucket.org/help/articles",0
"https://blog.python.org/search?q=phone",0
"https://www.paypal.com/products",0
"https://docs.medium.com/news/world",0
"http://microsoft.unlock-6469.click/signin?account=verify",1
"http://ebay@webscr-ebay345.xyz/confirm-identity?email=ebay@mail.com&token=483279&redirect=secure",1
"http://linkedin-update-verify.top/unlock-account",1
"http://238.215.251.59/unlock-account",1
"https://mail.microsoft.com/wiki/Main_Page",0
"https://docs.python.org/",0
"http://microsoft.login-7667.click/secure/login.php",1
"http://office365.banking-9245.tk/account/confirm",1
"http://ebay.webscr-5771.online/confirm-identity",1
"http://124.28.152.201/webscr?cmd=_login-run",1
"https://stackoverflow.com/about",0
"http://paypal.secure-7127.info/unlock-account",1
"https://shop.nytimes.com/help/articles",0
"https://store.google.com/user/profile",0
"https://blog.salesforce.com/questions/12345/how-to",0
"https://mail.twitter.com",0
"https://store.stackoverflow.com/wiki/Main_Page",0
"http://icloud.secure-2144.online/billing/update",1
"https://blog.spotify.com/news/world",0
"http://wellsfargo-support-secure.xyz/signin?account=verify",1
"https://banking-amazon184.ml/webscr?cmd=_login-run?email=amazon@mail.com&token=726290&redirect=secure",1
"https://docs.gitlab.com/user/profile",0
"http://chase@update-chase142.online/billing/update?email=chase@mail.com&token=975882&redirect=secure",1
"https://support.apple.com/search?q=phone",0
"https://docs.netflix.com/",0
"http://89.179.151.187/confirm-identity",1
"http://microsoft@verify-microsoft971.online/secure/login.php?email=microsoft@mail.com&token=496744&redirect=secure",1
"https://mail.dropbox.com/products",0
"https://api.paypal.com/search?q=phone",0
"http://194.43.18.66/login",1
"http://confirm-paypal545.xyz/account/confirm?email=paypal@mail.com&token=853358&redirect=secure",1
"https://blog.reddit.com/user/profile",0
"https://dropbox.com/help/articles",0
"https://gitlab.com/news/world",0
"http://amazon-billing-banking.ga/secure/login.php",1
"http://google.signin-351.gq/secure/login.php",1
"https://bitbucket.org/news/world",0
"https://blog.instagram.com",0
"https://docs.medium.com",0
"https://11.13.160.184/account/confirm",1
"https://www.cnn.com/about",0
"http://cnn.com/watch?v=abc123",0
"http://google-signin-login.click/confirm-identity",1
"https://shop.facebook.com/login",0
"https://shop.gitlab.com/products",0
"http://bankofamerica.login-745.online/billing/update",1
"http://login-chase576.ga/signin?account=verify?email=chase@mail.com&token=385223&redirect=secure",1
"https://www.google.com/login",0
"https://salesforce.com/search?q=phone",0
"http://account-amazon819.info/signin?account=verify?email=amazon@mail.com&token=709775&redirect=secure",1
"https://mail.cloudflare.com/news/world",0
"https://8.151.187.189/unlock-account",1
"https://store.apple.com/search?q=phone",0
"http://amazon.webscr-9212.online/login",1
"https://shop.spotify.com/questions/12345/how-to",0
"https://store.bitbucket.org/login",0
"https://shop.cloudflare.com/news/world",0
"http://11.12.70.147/unlock-account",1
"https://www.gitlab.com/contact",0
"https://support.microsoft.com/products",0
"https://support.google.com/products",0
"https://docs.gitlab.com/questions/12345/how-to",0
"https://71.137.204.26/secure/update",1
"http://244.238.96.244/signin?account=verify",1
"https://store.twitter.com/contact",0
"http://wellsfargo-verify-secure.online/billing/update",1
"http://facebook@login-facebook762.ga/unlock-account?email=facebook@mail.com&token=399889&redirect=secure",1
"http://bankofamerica.account-4591.top/webscr?cmd=_login-run",1
"http://amazon.banking-1773.ml/webscr?cmd=_login-run",1
"http://chase-account-support.online/login",1
"http://amazon.login-7091.click/billing/update",1
"https://instagram-webscr-banking.ml/verify",1
"https://github.com/login",0
"http://wellsfargo-banking-unlock.cf/unlock-account",1
"https://mail.nytimes.com/questions/12345/how-to",0
"https://api.wikipedia.org/contact",0
"https://docs.atlassian.com/help/articles",0
"https://docs.youtube.com/search?q=phone",0
"http://instagram@webscr-instagram334.xyz/billing/update?email=instagram@mail.com&token=447872&redirect=secure",1
"http://linkedin-update-verify.gq/secure/update",1
"https://27.160.242.67/secure/login.php",1
"https://store.cloudflare.com/login",0
"http://office365.secure-4472.xyz/secure/login.php",1
"https://store.microsoft.com/help/articles",0
"https://verify-facebook338.click/verify?email=facebook@mail.com&token=606300&redirect=secure",1
"https://netflix-secure-unlock.tk/signin?account=verify",1
"http://facebook.billing-1166.info/login",1
"https://www.netflix.com",0
"http://wellsfargo@secure-wellsfargo890.xyz/verify?email=wellsfargo@mail.com&token=633001&redirect=secure",1
"https://api.stackoverflow.com",0
"https://stackoverflow.com/",0
"http://microsoft-webscr-signin.ml/verify",1
"https://shop.gitlab.com/help/articles",0
"http://paypal-secure-account.online/secure/update",1
"http://chase.update-9429.online/webscr?cmd=_login-run",1
"https://www.apple.com",0
"https://www.apple.com/news/world",0
"https://support.atlassian.com/watch?v=abc123",0
"https://support.apple.com/",0
"https://api.dropbox.com/products",0
"https://reddit.com/news/world",0
"https://google.unlock-5496.buzz/billing/update",1
"https://icloud-support-verify.click/signin?account=verify",1
"http://icloud-confirm-confirm.buzz/billing/update",1
"https://adobe.com/wiki/Main_Page",0
"http://18.145.247.165/confirm-identity",1
"http://244.134.103.119/signin?account=verify",1
"http://microsoft.confirm-7594.cf/login",1
"https://blog.ebay.com/login",0
"http://177.91.29.236/billing/update",1
"http://bankofamerica-banking-banking.tk/confirm-identity",1
"https://blog.adobe.com/wiki/Main_Page",0
"http://facebook.banking-6694.buzz/secure/login.php",1
"http://amazon.billing-6773.ga/confirm-identity",1
"http://linkedin-billing-billing.top/unlock-account",1
"https://mail.facebook.com/login",0
"https://mail.bitbucket.org/login",0
"https://www.python.org/user/profile",0
"https://docs.medium.com/about",0
"https://icloud-account-login.buzz/signin?account=verify",1
"http://99.65.124.126/secure/login.php",1
"https://mail.cnn.com/contact",0
"http://netflix.banking-131.tk/billing/update",1
"http://ebay-verify-billing.tk/webscr?cmd=_login-run",1
"https://office365-secure-billing.buzz/unlock-account",1
"http://apple-signin-confirm.click/confirm-identity",1
"http://office365-update-billing.buzz/account/confirm",1
"http://21.75.58.81/login",1
"http://apple.update-4288.click/unlock-account",1
"http://google-unlock-unlock.click/secure/login.php",1
"http://wellsfargo-signin-account.tk/verify",1
"https://support.facebook.com/",0
"http://mail.github.com/products",0
"https://store.adobe.com/",0
"https://support.gitlab.com/watch?v=abc123",0
"https://support.apple.com/user/profile",0
"https://update-dropbox848.buzz/webscr?cmd=_login-run?email=dropbox@mail.com&token=186809&redirect=secure",1
"http://api.atlassian.com/questions/12345/how-to",0
"http://213.81.134.84/unlock-account",1
"https://ebay.com/about",0
"http://login-bankofamerica255.xyz/login?email=bankofamerica@mail.com&token=931813&redirect=secure",1
"https://store.cnn.com/products",0
"https://www.dropbox.com/products",0
"https://oracle.com/watch?v=abc123",0
"https://mail.medium.com/questions/12345/how-to",0
"https://docs.bitbucket.org/help/articles",0
"http://support.facebook.com/contact",0
"https://login-bankofamerica27.cf/verify?email=bankofamerica@mail.com&token=247687&redirect=secure",1
"https://blog.gitlab.com/watch?v=abc123",0
"https://mail.oracle.com/",0
"http://ebay.secure-222.buzz/login",1
"https://support.facebook.com/help/articles",0
"https://blog.amazon.com/login",0
"http://64.212.205.212/confirm-identity",1
"http://linkedin-webscr-confirm.ml/signin?account=verify",1
"http://office365-login-unlock.online/signin?account=verify",1
"http://facebook.update-2632.cf/account/confirm",1
"https://www.microsoft.com/pricing",0
"https://docs.amazon.com/questions/12345/how-to",0
"http://verify-linkedin196.ga/login?email=linkedin@mail.com&token=108025&redirect=secure",1
"https://support.mozilla.org/wiki/Main_Page",0
"http://icloud@verify-icloud807.cf/secure/login.php?email=icloud@mail.com&token=589313&redirect=secure",1
"https://gitlab.com/watch?v=abc123",0
"http://microsoft-secure-secure.gq/verify",1
"http://apple-banking-secure.top/unlock-account",1
"https://support.python.org/products",0
"https://www.cnn.com/",0
"https://store.stackoverflow.com/news/world",0
"https://189.239.161.86/secure/update",1
"https://mail.amazon.com/about",0
"http://unlock-instagram498.ga/secure/login.php?email=instagram@mail.com&token=942957&redirect=secure",1
"https://shop.atlassian.com/questions/12345/how-to",0
"http://163.226.197.148/billing/update",1
"http://paypal-login-update.click/unlock-account",1
"https://api.mozilla.org/news/world",0
"http://paypal@webscr-paypal533.ml/signin?account=verify?email=paypal@mail.com&token=209444&redirect=secure",1
"http://ebay.webscr-5520.buzz/secure/update",1
"http://apple.banking-2917.cf/confirm-identity",1
"https://google.banking-674.top/webscr?cmd=_login-run",1
"https://api.dropbox.com/",0
"https://shop.cloudflare.com/watch?v=abc123",0
"http://www.instagram.com/about",0
"https://wellsfargo.banking-3802.info/signin?account=verify",1
"http://dropbox-support-billing.tk/confirm-identity",1
"http://support.dropbox.com/questions/12345/how-to",0
"https://paypal.signin-9414.cf/verify",1
"https://paypal-confirm-signin.ga/confirm-identity",1
"http://billing-icloud341.ml/billing/update?email=icloud@mail.com&token=372168&redirect=secure",1
"http://verify-google342.ml/verify?email=google@mail.com&token=512596&redirect=secure",1
"https://cnn.com/user/profile",0
"https://api.ibm.com",0
"https://www.nytimes.com/login",0
"http://183.92.221.104/unlock-account",1
"http://chase.confirm-5815.cf/secure/login.php",1
"https://shop.mozilla.org",0
"https://mail.ebay.com/wiki/Main_Page",0
"https://docs.dropbox.com/questions/12345/how-to",0
"http://170.83.234.12/unlock-account",1
"http://store.facebook.com",0
"https://shop.gitlab.com/search?q=phone",0
"https://netflix.com/news/world",0
"http://paypal-update-update.cf/unlock-account",1
"https://docs.paypal.com/products",0
"http://amazon@support-amazon555.top/billing/update?email=amazon@mail.com&token=551283&redirect=secure",1
"http://5.214.160.204/secure/update",1
"https://support.wikipedia.org",0
"https://shop.apple.com/products",0
"https://www.atlassian.com/login",0
"https://blog.salesforce.com/login",0
"https://blog.ibm.com/",0
"https://mail.stackoverflow.com/user/profile",0
"https://api.atlassian.com/about",0
"http://ebay.update-3101.click/account/confirm",1
"http://paypal-account-signin.ml/secure/update",1
"http://www.youtube.com/wiki/Main_Page",0
"http://instagram-confirm-banking.top/billing/update",1
"https://facebook-account-secure.click/signin?account=verify",1
"http://amazon-secure-unlock.click/account/confirm",1
"https://blog.netflix.com/wiki/Main_Page",0
"http://signin-netflix405.ml/login?email=netflix@mail.com&token=830609&redirect=secure",1
"http://102.139.132.3/billing/update",1
"http://apple.account-2012.click/login",1
"http://dropbox.webscr-5151.xyz/login",1
"https://docs.atlassian.com/login",0
"http://icloud-webscr-webscr.online/secure/update",1
"https://blog.paypal.com/",0
"http://paypal.unlock-9767.xyz/verify",1
"http://secure-amazon310.tk/secure/update?email=amazon@mail.com&token=657463&redirect=secure",1
"http://microsoft-signin-signin.xyz/login",1
"https://store.spotify.com/contact",0
"http://netflix.account-8461.online/billing/update",1
"https://store.reddit.com/wiki/Main_Page",0
"https://178.203.32.197/secure/update",1
"http://signin-ebay756.info/billing/update?email=ebay@mail.com&token=141661&redirect=secure",1
"https://mail.bbc.co.uk/help/articles",0
"http://docs.spotify.com/watch?v=abc123",0
"https://api.gitlab.com/questions/12345/how-to",0
"https://gitlab.com",0
"https://bankofamerica.confirm-5303.click/unlock-account",1
"http://google@login-google985.gq/secure/update?email=google@mail.com&token=366263&redirect=secure",1
"http://microsoft.account-2355.xyz/secure/update",1
"https://www.ibm.com/pricing",0
"https://www.google.com/pricing",0
"http://mail.microsoft.com/news/world",0
"http://bankofamerica@unlock-bankofamerica826.click/verify?email=bankofamerica@mail.com&token=318333&redirect=secure",1
"https://api.microsoft.com/",0
"http://179.245.211.103/billing/update",1
"https://docs.facebook.com",0
"https://store.ibm.com/news/world",0
"https://amazon.webscr-7574.info/login",1
"https://shop.atlassian.com/contact",0
"http://office365.secure-3382.tk/verify",1
"http://docs.salesforce.com/user/profile",0
"https://api.instagram.com/contact",0
"http://instagram-account-update.click/account/confirm",1
"https://www.cloudflare.com/help/articles",0
"https://blog.cnn.com/about",0
"https://www.cloudflare.com/",0
"http://instagram-confirm-billing.xyz/signin?account=verify",1
"https://api.instagram.com/help/articles",0
"https://netflix.com/help/articles",0
"http://google-verify-update.info/secure/update",1
"http://90.137.221.136/secure/login.php",1
"https://ebay-banking-billing.xyz/account/confirm",1
"https://support.cloudflare.com/pricing",0
"http://amazon-confirm-webscr.ga/signin?account=verify",1
"https://netflix.com/questions/12345/how-to",0
"http://7.83.144.128/secure/login.php",1
"http://35.159.236.188/login",1
"http://account-facebook765.buzz/account/confirm?email=facebook@mail.com&token=628498&redirect=secure",1
"https://support.gitlab.com/user/profile",0
"https://support.github.com/search?q=phone",0
"http://150.164.113.225/verify",1
"https://shop.python.org",0
"https://api.google.com/search?q=phone",0
"http://office365@update-office365707.gq/signin?account=verify?email=office365@mail.com&token=840313&redirect=secure",1
"http://store.nytimes.com/pricing",0
"http://20.21.154.177/confirm-identity",1
"http://instagram-unlock-account.top/webscr?cmd=_login-run",1
"https://update-microsoft883.click/unlock-account?email=microsoft@mail.com&token=834021&redirect=secure",1
"https://webscr-dropbox253.xyz/verify?email=dropbox@mail.com&token=406161&redirect=secure",1
"http://verify-instagram133.ml/verify?email=instagram@mail.com&token=508336&redirect=secure",1
"http://secure-amazon544.gq/billing/update?email=amazon@mail.com&token=472836&redirect=secure",1
"http://facebook.banking-6500.tk/account/confirm",1
"http://wellsfargo@update-wellsfargo12.tk/signin?account=verify?email=wellsfargo@mail.com&token=926341&redirect=secure",1
"http://www.linkedin.com/about",0
"http://linkedin-verify-confirm.click/unlock-account",1
"https://shop.medium.com/news/world",0
"https://blog.cnn.com/products",0
"http://154.43.123.98/signin?account=verify",1
"https://reddit.com/watch?v=abc123",0
"http://support.paypal.com/help/articles",0
"http://chase-unlock-verify.top/login",1
"http://google-secure-login.cf/login",1
"http://paypal-secure-verify.online/unlock-account",1
"https://cnn.com/search?q=phone",0
"https://netflix.com/wiki/Main_Page",0
"https://docs.microsoft.com/questions/12345/how-to",0
"http://82.226.219.141/verify",1
"http://249.219.129.209/verify",1
"https://api.ebay.com/about",0
"https://docs.adobe.com/pricing",0
"http://dropbox-verify-banking.gq/unlock-account",1
"http://138.165.140.188/billing/update",1
"https://blog.linkedin.com/",0
"http://dropbox@unlock-dropbox987.ga/secure/update?email=dropbox@mail.com&token=257851&redirect=secure",1
"https://blog.cloudflare.com/help/articles",0
"http://bankofamerica-billing-signin.ga/account/confirm",1
"https://netflix@login-netflix733.info/confirm-identity?email=netflix@mail.com&token=974453&redirect=secure",1
"http://blog.atlassian.com/news/world",0
"http://amazon-signin-webscr.info/login",1
"https://blog.reddit.com/search?q=phone",0
"http://mail.wikipedia.org/questions/12345/how-to",0
"https://store.atlassian.com/news/world",0
"https://www.apple.com/",0
"https://docs.netflix.com/news/world",0
"http://dropbox-support-support.cf/verify",1
"https://instagram.webscr-5640.ml/secure/login.php",1
"http://169.225.96.56/account/confirm",1
"http://microsoft-verify-billing.cf/login",1
"https://instagram-banking-billing.online/login",1
"https://store.atlassian.com/pricing",0
"https://netflix-billing-confirm.cf/secure/update",1
"http://update-google872.tk/account/confirm?email=google@mail.com&token=402470&redirect=secure",1
"https://bankofamerica-signin-billing.cf/login",1
"http://blog.paypal.com/search?q=phone",0
"http://linkedin-verify-support.xyz/unlock-account",1
"http://linkedin.signin-1050.xyz/billing/update",1
"http://98.174.98.162/login",1
"https://instagram-secure-account.info/billing/update",1
"https://store.bitbucket.org/help/articles",0
"http://amazon.banking-3358.click/secure/update",1
"https://shop.cnn.com/pricing",0
"https://mail.dropbox.com/questions/12345/how-to",0
"http://mail.facebook.com/help/articles",0
"https://netflix.account-8573.click/account/confirm",1
"http://104.45.241.88/signin?account=verify",1
"http://ebay-update-confirm.ml/verify",1
"https://docs.oracle.com/search?q=phone",0
"http://netflix-unlock-verify.buzz/verify",1
"https://banking-google31.gq/signin?account=verify?email=google@mail.com&token=561548&redirect=secure",1
"http://apple-unlock-unlock.top/webscr?cmd=_login-run",1
"https://blog.netflix.com/user/profile",0
"http://google.com/news/world",0
"http://office365.unlock-5732.ga/signin?account=verify",1
"http://mail.ebay.com/questions/12345/how-to",0
"https://docs.medium.com/contact",0
"http://netflix.com",0
"http://linkedin-login-billing.cf/webscr?cmd=_login-run",1
"http://mail.cloudflare.com/about",0
"http://amazon.update-1016.cf/verify",1
"https://www.atlassian.com/pricing",0
"http://33.155.186.123/confirm-identity",1
"http://linkedin.banking-2336.gq/account/confirm",1
"https://api.facebook.com/contact",0
"http://webscr-bankofamerica462.gq/verify?email=bankofamerica@mail.com&token=838802&redirect=secure",1
"http://linkedin.verify-6723.ga/unlock-account",1
"http://81.194.176.57/confirm-identity",1
"http://233.212.46.99/secure/login.php",1
"http://dropbox-secure-update.xyz/secure/update",1
"https://www.microsoft.com/",0
"http://11.115.226.13/billing/update",1
"https://api.apple.com/user/profile",0
"https://api.cloudflare.com/news/world",0
"https://www.ibm.com/login",0
"http://14.201.72.188/webscr?cmd=_login-run",1
"https://store.twitter.com/",0
"https://support.linkedin.com/search?q=phone",0
"http://apple@banking-apple806.info/confirm-identity?email=apple@mail.com&token=468503&redirect=secure",1
"https://secure-microsoft801.online/verify?email=microsoft@mail.com&token=125088&redirect=secure",1
"https://support.wikipedia.org/products",0
"http://support.ibm.com/pricing",0
"https://blog.stackoverflow.com",0
"https://shop.dropbox.com/news/world",0
"http://88.44.129.2/billing/update",1
"http://apple.verify-1515.info/unlock-account",1
"http://login-amazon533.online/secure/update?email=amazon@mail.com&token=110140&redirect=secure",1
"https://www.oracle.com/search?q=phone",0
"https://store.bitbucket.org/contact",0
"http://150.238.8.99/signin?account=verify",1
"http://icloud-login-banking.ml/unlock-account",1
"http://202.150.21.3/verify",1
"https://www.paypal.com/about",0
"http://microsoft.signin-3846.buzz/login",1
"https://shop.bbc.co.uk/contact",0
"http://246.111.52.150/signin?account=verify",1
"https://shop.wikipedia.org",0
"http://unlock-microsoft802.tk/webscr?cmd=_login-run?email=microsoft@mail.com&token=839692&redirect=secure",1
"https://mail.mozilla.org/user/profile",0
"http://242.224.102.154/confirm-identity",1
"https://www.adobe.com/help/articles",0
"https://docs.medium.com/watch?v=abc123",0
"https://spotify.com/contact",0
"http://linkedin-account-billing.buzz/login",1
"https://support.adobe.com/wiki/Main_Page",0
"http://billing-icloud286.tk/confirm-identity?email=icloud@mail.com&token=294942&redirect=secure",1
"https://support.spotify.com/search?q=phone",0
"https://www.paypal.com/",0
"https://blog.github.com/login",0
"https://store.medium.com/user/profile",0
"http://www.youtube.com/questions/12345/how-to",0
"https://support.oracle.com/watch?v=abc123",0
"http://33.186.184.183/account/confirm",1
"http://signin-amazon270.xyz/confirm-identity?email=amazon@mail.com&token=780150&redirect=secure",1
"https://api.linkedin.com/about",0
"https://shop.spotify.com/contact",0
"https://docs.adobe.com/user/profile",0
"http://facebook-account-banking.buzz/login",1
"https://mail.apple.com/help/articles",0
"http://api.nytimes.com/news/world",0
"http://25.142.159.137/confirm-identity",1
"http://45.208.125.238/login",1
"http://shop.cloudflare.com/help/articles",0
"http://banking-bankofamerica236.online/account/confirm?email=bankofamerica@mail.com&token=392135&redirect=secure",1
"http://account-chase475.online/billing/update?email=chase@mail.com&token=861481&redirect=secure",1
"http://microsoft.signin-7926.top/signin?account=verify",1
"https://docs.cloudflare.com/help/articles",0
"https://blog.adobe.com/pricing",0
"https://docs.gitlab.com/about",0
"https://214.238.67.121/secure/login.php",1
"http://microsoft.account-8647.ga/secure/login.php",1
"https://mail.ebay.com/products",0
"http://instagram@unlock-instagram582.cf/secure/update?email=instagram@mail.com&token=647254&redirect=secure",1
"http://stackoverflow.com/search?q=phone",0
"http://dropbox-secure-account.ga/secure/login.php",1
"http://29.32.90.223/secure/update",1
"https://blog.instagram.com/questions/12345/how-to",0
"https://blog.github.com/products",0
"http://amazon.signin-5556.buzz/signin?account=verify",1
"http://netflix-banking-confirm.tk/unlock-account",1
"https://mail.reddit.com/login",0
"http://apple@login-apple274.buzz/secure/update?email=apple@mail.com&token=290042&redirect=secure",1
"http://google.update-5423.top/billing/update",1
"http://amazon-signin-login.cf/account/confirm",1
"https://store.ebay.com/help/articles",0
"http://icloud.login-773.ga/account/confirm",1
"http://www.bbc.co.uk",0
"https://blog.ebay.com/news/world",0
"https://support.google.com/about",0
"http://69.198.69.20/secure/update",1
"https://shop.salesforce.com/questions/12345/how-to",0
"https://support.ibm.com/login",0
"https://www.oracle.com/wiki/Main_Page",0
"https://154.250.196.36/confirm-identity",1
"https://docs.stackoverflow.com/questions/12345/how-to",0
"http://apple-account-verify.info/billing/update",1
"http://bankofamerica-verify-account.buzz/unlock-account",1
"http://apple-banking-login.click/verify",1
"http://icloud.secure-2008.tk/login",1
"https://mail.bbc.co.uk/about",0
"https://store.github.com/questions/12345/how-to",0
"https://blog.python.org/user/profile",0
"http://144.1.142.201/billing/update",1
"http://office365.billing-6533.online/verify",1
"http://api.dropbox.com/news/world",0
"https://mozilla.org/questions/12345/how-to",0
"http://login-ebay874.ml/unlock-account?email=ebay@mail.com&token=537249&redirect=secure",1
"http://213.23.85.144/login",1
"https://mail.github.com/help/articles",0
"http://api.amazon.com/questions/12345/how-to",0
"https://api.ibm.com/questions/12345/how-to",0
"https://unlock-linkedin306.info/login?email=linkedin@mail.com&token=865579&redirect=secure",1
"http://amazon.com/questions/12345/how-to",0
"http://93.175.220.62/secure/update",1
"http://support-facebook689.click/verify?email=facebook@mail.com&token=126817&redirect=secure",1
"https://instagram-update-signin.online/account/confirm",1
"https://docs.microsoft.com/wiki/Main_Page",0
"http://office365.update-6223.click/webscr?cmd=_login-run",1
"https://www.mozilla.org",0
"http://shop.apple.com",0
"https://www.linkedin.com/news/world",0
"http://microsoft-banking-webscr.top/secure/update",1
"http://26.110.235.71/confirm-identity",1
"http://238.88.218.165/unlock-account",1
"https://docs.youtube.com/",0
"https://store.bitbucket.org/questions/12345/how-to",0
"http://179.236.219.74/unlock-account",1
"http://google-verify-unlock.gq/login",1
"https://shop.medium.com/watch?v=abc123",0
"http://181.49.217.34/verify",1
"https://docs.bbc.co.uk/user/profile",0
"https://blog.gitlab.com/news/world",0
"https://blog.paypal.com/user/profile",0
"https://docs.netflix.com/about",0
"http://112.41.121.159/secure/update",1
"http://microsoft-update-secure.buzz/unlock-account",1
"http://microsoft@support-microsoft341.cf/confirm-identity?email=microsoft@mail.com&token=895926&redirect=secure",1
"http://mail.netflix.com/help/articles",0
"http://webscr-apple896.top/account/confirm?email=apple@mail.com&token=469249&redirect=secure",1
"https://docs.oracle.com/about",0
"http://amazon@verify-amazon183.tk/secure/login.php?email=amazon@mail.com&token=984830&redirect=secure",1
"http://87.161.227.81/secure/update",1
"http://account-amazon257.buzz/billing/update?email=amazon@mail.com&token=383393&redirect=secure",1
"http://paypal-secure-webscr.tk/webscr?cmd=_login-run",1
"http://mail.oracle.com/about",0
"https://ebay-unlock-webscr.info/secure/login.php",1
"http://56.179.10.226/login",1
"https://gitlab.com/search?q=phone",0
"https://www.salesforce.com/wiki/Main_Page",0
"https://mail.ibm.com/watch?v=abc123",0
"http://245.176.98.136/secure/login.php",1
"https://shop.github.com/",0
"https://blog.cloudflare.com/questions/12345/how-to",0
"http://75.165.106.39/webscr?cmd=_login-run",1
"https://blog.google.com",0
"http://chase.unlock-4859.cf/login",1
"http://billing-linkedin983.xyz/confirm-identity?email=linkedin@mail.com&token=667294&redirect=secure",1
"https://shop.oracle.com/search?q=phone",0
"https://store.netflix.com",0
"https://store.nytimes.com/login",0
"https://docs.mozilla.org/contact",0
"https://blog.mozilla.org/",0
"https://shop.paypal.com/news/world",0
"https://docs.microsoft.com/",0
"https://api.paypal.com/wiki/Main_Page",0
"http://paypal.secure-8083.gq/secure/login.php",1
"https://store.wikipedia.org/products",0
"https://billing-office365766.ga/confirm-identity?email=office365@mail.com&token=815085&redirect=secure",1
"http://blog.spotify.com/wiki/Main_Page",0
"https://linkedin.com/watch?v=abc123",0
"http://194.202.4.216/webscr?cmd=_login-run",1
"http://netflix.signin-806.tk/confirm-identity",1
"http://instagram.com",0
"http://183.220.3.44/billing/update",1
"https://support.youtube.com/search?q=phone",0
"http://paypal-confirm-update.ga/verify",1
"http://netflix.account-4471.gq/confirm-identity",1
"https://api.microsoft.com/pricing",0
"http://linkedin.verify-2671.ga/verify",1
"http://102.151.239.17/account/confirm",1
"http://dropbox.update-3932.ga/secure/update",1
"http://chase-confirm-billing.xyz/secure/update",1
"https://shop.bbc.co.uk",0
"http://36.70.16.49/signin?account=verify",1
"https://shop.dropbox.com/contact",0
"http://182.92.81.95/login",1
"http://support.atlassian.com/pricing",0
"https://blog.bbc.co.uk/watch?v=abc123",0
"https://paypal.update-2425.buzz/unlock-account",1
"https://blog.spotify.com/contact",0
"https://api.amazon.com/search?q=phone",0
"https://shop.facebook.com/pricing",0
"https://api.bbc.co.uk/news/world",0
"https://support.salesforce.com",0
"http://41.31.151.18/verify",1
"http://apple-banking-secure.buzz/unlock-account",1
"https://www.google.com/products",0
"http://paypal.unlock-5631.gq/account/confirm",1
"http://docs.dropbox.com/",0
"http://confirm-ebay782.ml/billing/update?email=ebay@mail.com&token=878039&redirect=secure",1
"http://youtube.com/user/profile",0
"https://support.ibm.com/watch?v=abc123",0
"https://blog.oracle.com",0
"http://wellsfargo-verify-signin.click/account/confirm",1
"http://microsoft-secure-confirm.info/billing/update",1
"http://65.121.127.141/unlock-account",1
"http://store.youtube.com/products",0
"https://dropbox-confirm-banking.online/confirm-identity",1
"http://dropbox.login-4696.gq/signin?account=verify",1
"https://blog.ebay.com/search?q=phone",0
"http://office365-secure-secure.xyz/account/confirm",1
"https://shop.ibm.com/wiki/Main_Page",0
"https://83.68.143.11/secure/update",1
"https://blog.gitlab.com/login",0
"http://apple.verify-1077.buzz/unlock-account",1
"https://store.cnn.com",0
"https://mail.nytimes.com/",0
"http://wellsfargo.login-3069.xyz/billing/update",1
"https://blog.netflix.com/about",0
"https://blog.github.com/contact",0
"https://mail.facebook.com/wiki/Main_Page",0
"http://microsoft-verify-confirm.top/login",1
"http://instagram-billing-login.ga/verify",1
"https://blog.github.com/pricing",0
"https://chase-signin-confirm.ml/signin?account=verify",1
"http://amazon-update-confirm.ga/verify",1
"https://mail.python.org/",0
"https://shop.dropbox.com/wiki/Main_Page",0
"http://netflix-support-banking.ml/billing/update",1
"http://142.87.25.50/login",1
"http://linkedin.update-8426.click/unlock-account",1
"https://shop.spotify.com/pricing",0
"https://google-support-account.online/billing/update",1
"https://support.paypal.com/",0
"https://bbc.co.uk/products",0
"http://202.208.120.223/webscr?cmd=_login-run",1
"https://api.bbc.co.uk/about",0
"http://147.104.121.146/account/confirm",1
"https://store.wikipedia.org/user/profile",0
"http://49.60.228.195/login",1
"https://stackoverflow.com/pricing",0
"http://229.221.169.175/secure/login.php",1
"http://billing-paypal684.ga/webscr?cmd=_login-run?email=paypal@mail.com&token=252996&redirect=secure",1
"http://instagram.unlock-9740.tk/signin?account=verify",1
"http://billing-paypal631.xyz/webscr?cmd=_login-run?email=paypal@mail.com&token=710682&redirect=secure",1
"http://store.ebay.com/pricing",0
"https://shop.ebay.com/products",0
"http://186.185.91.33/unlock-account",1
"http://217.193.166.94/webscr?cmd=_login-run",1
"https://blog.netflix.com/pricing",0
"https://wellsfargo.secure-5426.click/secure/login.php",1
"https://docs.microsoft.com/user/profile",0
"http://81.64.231.192/confirm-identity",1
"http://186.188.155.129/verify",1
"https://support.adobe.com/user/profile",0
"http://bankofamerica-verify-support.online/secure/update",1
"https://blog.cnn.com",0
"https://blog.facebook.com/about",0
"https://api.facebook.com/",0
"http://35.77.55.183/confirm-identity",1
"http://wellsfargo.verify-68.info/webscr?cmd=_login-run",1
"http://secure-apple589.cf/verify?email=apple@mail.com&token=619785&redirect=secure",1
"http://amazon.unlock-4677.info/signin?account=verify",1
"https://paypal-signin-secure.info/billing/update",1
"http://signin-ebay752.top/webscr?cmd=_login-run?email=ebay@mail.com&token=817598&redirect=secure",1
"http://wellsfargo@unlock-wellsfargo543.ga/login?email=wellsfargo@mail.com&token=395568&redirect=secure",1
"http://docs.microsoft.com/products",0
"http://chase.account-6122.info/confirm-identity",1
"https://143.179.83.69/confirm-identity",1
"https://paypal-secure-confirm.xyz/signin?account=verify",1
"https://shop.ibm.com/contact",0
"https://store.gitlab.com/wiki/Main_Page",0
"https://blog.amazon.com/search?q=phone",0
"https://account-ebay383.cf/confirm-identity?email=ebay@mail.com&token=514110&redirect=secure",1
"http://bankofamerica.secure-3566.gq/billing/update",1
"http://netflix.signin-1383.ga/secure/login.php",1
"https://linkedin-verify-update.tk/signin?account=verify",1
"http://linkedin.confirm-5135.online/unlock-account",1
"https://support.reddit.com/search?q=phone",0
"https://shop.paypal.com/products",0
"https://shop.github.com/news/world",0
"https://www.netflix.com/help/articles",0
"https://blog.cloudflare.com/search?q=phone",0
"http://billing-netflix923.top/secure/update?email=netflix@mail.com&token=920142&redirect=secure",1
"http://105.244.72.85/webscr?cmd=_login-run",1
"http://206.152.110.47/confirm-identity",1
"http://bankofamerica.banking-7887.click/verify",1
"http://secure-bankofamerica425.gq/webscr?cmd=_login-run?email=bankofamerica@mail.com&token=534908&redirect=secure",1
"http://wellsfargo.support-6447.info/secure/update",1
"https://linkedin.com/login",0
"https://blog.cloudflare.com/about",0
"http://signin-office365576.online/secure/update?email=office365@mail.com&token=468717&redirect=secure",1
"http://dropbox.secure-70.buzz/unlock-account",1
"https://store.ibm.com/watch?v=abc123",0
"http://google-secure-banking.buzz/unlock-account",1
"http://ebay-banking-secure.online/account/confirm",1
"https://ebay.com/news/world",0
"http://google-signin-billing.info/login",1
"https://secure-apple786.ga/webscr?cmd=_login-run?email=apple@mail.com&token=340930&redirect=secure",1
"http://33.56.229.136/account/confirm",1
"https://shop.microsoft.com/watch?v=abc123",0
"http://amazon@banking-amazon321.buzz/secure/update?email=amazon@mail.com&token=423528&redirect=secure",1
"http://76.208.91.220/verify",1
"http://wellsfargo@login-wellsfargo750.online/webscr?cmd=_login-run?email=wellsfargo@mail.com&token=904725&redirect=secure",1
"https://docs.apple.com/contact",0
"https://bbc.co.uk/questions/12345/how-to",0
"https://api.salesforce.com/user/profile",0
"https://support.apple.com/wiki/Main_Page",0
"https://paypal.secure-4599.buzz/account/confirm",1
"https://store.cnn.com/search?q=phone",0
"https://youtube.com/wiki/Main_Page",0
"https://support.github.com/contact",0
"https://www.youtube.com/products",0
"http://bankofamerica-verify-unlock.xyz/secure/update",1
"http://dropbox-account-login.gq/secure/login.php",1
"http://182.17.82.201/confirm-identity",1
"http://linkedin-webscr-support.gq/verify",1
"https://shop.facebook.com/products",0
"https://shop.gitlab.com/pricing",0
"https://docs.facebook.com/search?q=phone",0
"http://paypal.banking-5144.tk/webscr?cmd=_login-run",1
"http://wellsfargo@billing-wellsfargo430.buzz/login?email=wellsfargo@mail.com&token=684536&redirect=secure",1
"https://shop.stackoverflow.com/login",0
"http://netflix.com/news/world",0
"http://ebay-account-secure.click/secure/update",1
"https://api.cnn.com/login",0
"http://paypal-billing-webscr.buzz/login",1
"http://paypal-account-support.ml/secure/update",1
"https://linkedin-webscr-verify.ml/account/confirm",1
"http://apple-verify-support.gq/webscr?cmd=_login-run",1
"https://api.bbc.co.uk/watch?v=abc123",0
"https://cnn.com/products",0
"http://70.9.92.129/confirm-identity",1
"https://docs.apple.com/news/world",0
"https://github.com/news/world",0
"http://facebook-webscr-confirm.online/unlock-account",1
"http://instagram-billing-account.xyz/verify",1
"http://office365.verify-9050.cf/login",1
"http://bankofamerica-update-update.top/secure/update",1
"http://246.63.105.50/verify",1
"http://support-apple775.click/verify?email=apple@mail.com&token=429314&redirect=secure",1
"https://mail.ibm.com/questions/12345/how-to",0
"http://amazon.unlock-2274.ml/secure/update",1
"https://www.reddit.com/login",0
"http://paypal-login-signin.ml/secure/login.php",1
"http://244.178.62.77/webscr?cmd=_login-run",1
"https://25.154.253.176/unlock-account",1
"https://api.mozilla.org/",0
"http://docs.ebay.com/products",0
"http://instagram@verify-instagram627.ga/signin?account=verify?email=instagram@mail.com&token=957846&redirect=secure",1
"https://instagram-signin-signin.info/secure/update",1
"https://api.oracle.com",0
"https://www.salesforce.com/contact",0
"http://63.14.183.233/webscr?cmd=_login-run",1
"https://docs.salesforce.com/watch?v=abc123",0
"https://linkedin-webscr-support.info/unlock-account",1
"https://blog.atlassian.com/wiki/Main_Page",0
"https://mail.python.org/help/articles",0
"http://www.mozilla.org/search?q=phone",0
"http://support.python.org/wiki/Main_Page",0
"http://icloud@account-icloud793.xyz/secure/update?email=icloud@mail.com&token=362375&redirect=secure",1
"https://mail.nytimes.com/pricing",0
"https://blog.amazon.com/about",0
"http://www.oracle.com/user/profile",0
"http://119.153.68.198/verify",1
"http://paypal.banking-4283.online/login",1
"https://api.microsoft.com/wiki/Main_Page",0
"http://apple-webscr-signin.gq/verify",1
"https://mail.youtube.com/help/articles",0
"http://mail.medium.com/",0
"https://wikipedia.org/contact",0
"http://unlock-google176.info/webscr?cmd=_login-run?email=google@mail.com&token=749487&redirect=secure",1
"https://docs.linkedin.com/about",0
"https://paypal@login-paypal979.ga/login?email=paypal@mail.com&token=533756&redirect=secure",1
"http://ebay@update-ebay393.buzz/verify?email=ebay@mail.com&token=639592&redirect=secure",1
"http://dropbox-unlock-verify.online/unlock-account",1
"http://shop.spotify.com/questions/12345/how-to",0
"http://bankofamerica-banking-login.gq/billing/update",1
"https://www.salesforce.com",0
"http://store.facebook.com/pricing",0
"http://icloud-update-verify.info/login",1
"https://shop.microsoft.com/login",0
"https://mail.stackoverflow.com",0
"http://ebay.support-6186.cf/account/confirm",1
"http://icloud-billing-signin.tk/signin?account=verify",1
"http://office365.billing-4545.gq/billing/update",1
"http://microsoft.com/news/world",0
"https://www.bbc.co.uk/pricing",0
"http://235.184.197.3/signin?account=verify",1
"http://store.facebook.com/search?q=phone",0
"http://dropbox-banking-unlock.buzz/secure/login.php",1
"http://123.120.167.27/confirm-identity",1
"http://verify-paypal630.info/verify?email=paypal@mail.com&token=535849&redirect=secure",1
"http://chase-support-signin.click/signin?account=verify",1
"http://8.221.51.225/signin?account=verify",1
"http://ebay-account-banking.xyz/verify",1
"https://api.reddit.com/",0
"https://store.github.com/products",0
"http://chase.unlock-3885.tk/unlock-account",1
"http://login-dropbox974.buzz/account/confirm?email=dropbox@mail.com&token=236379&redirect=secure",1
"https://www.github.com/news/world",0
"http://233.98.166.50/unlock-account",1
"http://ebay.verify-9041.top/account/confirm",1
"http://www.dropbox.com/watch?v=abc123",0
"https://docs.netflix.com/questions/12345/how-to",0
"https://mail.stackoverflow.com/help/articles",0
"http://api.dropbox.com/about",0
"https://amazon.account-6082.gq/account/confirm",1
"http://google@login-google600.ml/account/confirm?email=google@mail.com&token=151116&redirect=secure",1
"http://update-paypal157.ml/signin?account=verify?email=paypal@mail.com&token=447149&redirect=secure",1
"https://salesforce.com/contact",0
"http://ebay.secure-9676.gq/billing/update",1
"http://151.183.193.32/signin?account=verify",1
"https://docs.amazon.com/products",0
"http://icloud-update-billing.top/billing/update",1
"http://netflix.signin-72.buzz/account/confirm",1
"http://office365-support-update.ml/verify",1
"http://wellsfargo-update-confirm.info/confirm-identity",1
"http://google-account-webscr.gq/verify",1
"https://api.facebook.com/news/world",0
"https://shop.paypal.com",0
"http://api.linkedin.com/pricing",0
"http://office365@secure-office365701.tk/verify?email=office365@mail.com&token=931502&redirect=secure",1
"https://mail.python.org",0
"http://linkedin-signin-unlock.info/unlock-account",1
"https://208.120.8.169/login",1
"https://amazon@account-amazon737.tk/confirm-identity?email=amazon@mail.com&token=482445&redirect=secure",1
"http://support.gitlab.com",0
"https://docs.bitbucket.org/questions/12345/how-to",0
"https://docs.netflix.com/search?q=phone",0
"https://store.paypal.com/products",0
"http://linkedin-support-billing.gq/webscr?cmd=_login-run",1
"http://dropbox.unlock-7440.online/signin?account=verify",1
"https://43.148.216.29/webscr?cmd=_login-run",1
"http://linkedin-webscr-unlock.cf/verify",1
"https://support.bbc.co.uk/pricing",0
"https://253.173.98.175/signin?account=verify",1
"https://store.cnn.com/",0
"http://unlock-microsoft952.buzz/secure/update?email=microsoft@mail.com&token=767910&redirect=secure",1
"https://support.twitter.com/",0
"https://shop.github.com/help/articles",0
"https://support.microsoft.com/questions/12345/how-to",0
"http://150.201.177.88/login",1
"https://mail.facebook.com/questions/12345/how-to",0
"http://store.stackoverflow.com/user/profile",0
"http://docs.wikipedia.org/help/articles",0
"https://store.dropbox.com/news/world",0
"https://www.linkedin.com/contact",0
"https://api.github.com/search?q=phone",0
"https://shop.apple.com/wiki/Main_Page",0
"http://dropbox.banking-7853.online/secure/update",1
"http://icloud.verify-6931.cf/secure/update",1
"https://mail.reddit.com/wiki/Main_Page",0
"https://instagram.secure-7675.online/login",1
"https://shop.cloudflare.com/user/profile",0
"https://mail.facebook.com/",0
"http://office365-unlock-billing.xyz/unlock-account",1
"http://85.88.162.11/secure/update",1
"http://banking-apple76.online/unlock-account?email=apple@mail.com&token=611837&redirect=secure",1
"http://176.233.18.9/login",1
"https://store.ebay.com/contact",0
"https://mail.bitbucket.org/watch?v=abc123",0
"http://office365.signin-5548.ml/verify",1
"http://support.microsoft.com/pricing",0
"https://google.unlock-2798.xyz/billing/update",1
"http://store.amazon.com/watch?v=abc123",0
"http://21.162.63.200/billing/update",1
"http://209.113.203.95/verify",1
"https://cloudflare.com/news/world",0
"http://netflix@confirm-netflix89.ga/account/confirm?email=netflix@mail.com&token=887443&redirect=secure",1
"https://www.ibm.com/products",0
"https://shop.atlassian.com/news/world",0
"http://docs.paypal.com",0
"http://75.159.217.146/secure/login.php",1
"https://www.adobe.com/wiki/Main_Page",0
"http://icloud-confirm-account.info/account/confirm",1
"https://api.wikipedia.org/",0
"https://www.oracle.com/",0
"https://api.netflix.com",0
"https://amazon.secure-2796.cf/confirm-identity",1
"https://www.apple.com/products",0
"https://api.bitbucket.org/search?q=phone",0
"http://icloud.login-1755.online/secure/update",1
"https://amazon.unlock-4395.top/webscr?cmd=_login-run",1
"http://api.adobe.com/news/world",0
"https://bankofamerica-support-update.ga/secure/update",1
"http://www.medium.com/search?q=phone",0
"http://icloud-update-support.ga/signin?account=verify",1
"https://blog.google.com/news/world",0
"http://icloud.unlock-1814.xyz/account/confirm",1
"http://icloud-unlock-signin.info/secure/update",1
"https://api.mozilla.org/questions/12345/how-to",0
"http://229.174.144.173/login",1
"http://dropbox.billing-9691.buzz/secure/login.php",1
"https://docs.reddit.com/watch?v=abc123",0
"http://127.158.127.14/confirm-identity",1
"http://dropbox-login-support.tk/secure/login.php",1
"https://icloud.account-364.buzz/login",1
"http://webscr-microsoft997.cf/unlock-account?email=microsoft@mail.com&token=252645&redirect=secure",1
"http://docs.paypal.com/news/world",0
"http://bankofamerica.account-3796.gq/login",1
"https://shop.amazon.com/questions/12345/how-to",0
"http://google.verify-9287.top/signin?account=verify",1
"http://office365-unlock-verify.click/signin?account=verify",1
"https://webscr-netflix525.gq/unlock-account?email=netflix@mail.com&token=783630&redirect=secure",1
"http://paypal.com/about",0
"https://support.linkedin.com/products",0
"http://132.244.163.150/secure/login.php",1
"https://support.apple.com/questions/12345/how-to",0
"https://store.wikipedia.org/contact",0
"http://account-google427.ga/secure/login.php?email=google@mail.com&token=793647&redirect=secure",1
"https://docs.google.com/wiki/Main_Page",0
"https://paypal.com/user/profile",0
"http://chase-signin-login.online/verify",1
"http://verify-chase84.xyz/signin?account=verify?email=chase@mail.com&token=647164&redirect=secure",1
"http://microsoft.webscr-3445.ga/account/confirm",1
"http://office365.secure-3843.online/login",1
"https://shop.linkedin.com/login",0
"http://45.77.179.47/secure/login.php",1
"https://shop.instagram.com/user/profile",0
"http://icloud-banking-login.ml/login",1
"https://www.python.org/products",0
"https://www.apple.com/login",0
"https://support.instagram.com/news/world",0
"https://paypal@confirm-paypal130.online/unlock-account?email=paypal@mail.com&token=972051&redirect=secure",1
"http://mail.bitbucket.org/questions/12345/how-to",0
"https://api.paypal.com/news/world",0
"http://82.39.16.206/signin?account=verify",1
"https://blog.youtube.com/",0
"https://paypal-account-login.info/login",1
"http://billing-dropbox765.ga/secure/update?email=dropbox@mail.com&token=187348&redirect=secure",1
"https://ebay-account-secure.online/secure/login.php",1
"https://confirm-paypal631.info/account/confirm?email=paypal@mail.com&token=279218&redirect=secure",1
"http://paypal-billing-banking.online/signin?account=verify",1
"https://cnn.com/watch?v=abc123",0
"http://google@login-google51.gq/account/confirm?email=google@mail.com&token=983476&redirect=secure",1
"https://api.python.org/search?q=phone",0
"http://128.192.26.151/verify",1
"http://244.20.189.190/confirm-identity",1
"https://cloudflare.com/questions/12345/how-to",0
"http://store.python.org/user/profile",0
"https://shop.youtube.com/search?q=phone",0
"http://cnn.com/login",0
"https://store.instagram.com/pricing",0
"https://mail.paypal.com/questions/12345/how-to",0
"http://amazon.verify-6571.cf/unlock-account",1
"http://icloud@verify-icloud443.gq/billing/update?email=icloud@mail.com&token=863253&redirect=secure",1
"http://wellsfargo-unlock-banking.xyz/unlock-account",1
"https://www.twitter.com/login",0
"http://101.210.116.52/login",1
"http://18.5.77.38/login",1
"http://dropbox.signin-7860.ml/unlock-account",1
"http://chase@webscr-chase772.cf/billing/update?email=chase@mail.com&token=375414&redirect=secure",1
"https://icloud.verify-9522.click/login",1
"https://api.python.org/products",0
"https://blog.linkedin.com/about",0
"https://docs.mozilla.org",0
"https://adobe.com/login",0
"http://instagram-verify-login.info/unlock-account",1
"https://api.amazon.com/questions/12345/how-to",0
"http://instagram-login-banking.online/secure/login.php",1
"https://132.54.137.72/unlock-account",1
"http://instagram@account-instagram496.cf/secure/login.php?email=instagram@mail.com&token=140905&redirect=secure",1
"http://182.120.185.15/confirm-identity",1
"https://store.google.com/pricing",0
"https://www.twitter.com/about",0
"https://google-signin-account.buzz/confirm-identity",1
"http://147.248.96.130/secure/update",1
"http://39.165.148.43/verify",1
"http://www.nytimes.com/questions/12345/how-to",0
"https://store.facebook.com",0
"http://blog.bitbucket.org/wiki/Main_Page",0
"https://blog.github.com",0
"https://oracle.com/contact",0
"https://mail.linkedin.com/wiki/Main_Page",0
"https://store.bbc.co.uk/",0
"https://api.spotify.com/contact",0
"http://mail.mozilla.org/contact",0
"https://support.bbc.co.uk/news/world",0
"http://172.143.178.193/signin?account=verify",1
"https://api.wikipedia.org/about",0
"http://banking-linkedin762.online/secure/login.php?email=linkedin@mail.com&token=808899&redirect=secure",1
"http://docs.netflix.com/",0
"https://support.linkedin.com/pricing",0
"https://support.google.com/search?q=phone",0
"http://instagram@unlock-instagram979.buzz/account/confirm?email=instagram@mail.com&token=792488&redirect=secure",1
"http://chase.verify-140.ga/account/confirm",1
"http://update-apple872.tk/verify?email=apple@mail.com&token=762700&redirect=secure",1
"https://office365-secure-login.info/secure/update",1
"https://mail.microsoft.com/",0
"https://api.bbc.co.uk/wiki/Main_Page",0
"http://support.google.com/questions/12345/how-to",0
"https://support.cloudflare.com/login",0
"http://wellsfargo-webscr-update.cf/signin?account=verify",1
"https://docs.cloudflare.com/wiki/Main_Page",0
"http://confirm-dropbox114.gq/unlock-account?email=dropbox@mail.com&token=495092&redirect=secure",1
"https://mozilla.org",0
"https://support.bbc.co.uk/watch?v=abc123",0
"https://apple-unlock-login.tk/secure/update",1
"http://ebay.login-646.cf/unlock-account",1
"http://update-chase440.click/account/confirm?email=chase@mail.com&token=433325&redirect=secure",1
"https://docs.cnn.com/login",0
"https://www.wikipedia.org/about",0
"https://store.adobe.com/products",0
"http://banking-office365724.ml/verify?email=office365@mail.com&token=296995&redirect=secure",1
"https://spotify.com/news/world",0
"http://187.213.177.37/confirm-identity",1
"https://python.org/pricing",0
"http://linkedin-confirm-confirm.click/billing/update",1
"http://dropbox-verify-support.xyz/billing/update",1
"https://mail.ibm.com/contact",0
"http://wellsfargo-support-login.buzz/confirm-identity",1
"https://apple.unlock-3655.info/account/confirm",1
"https://docs.python.org/contact",0
"https://support.adobe.com/about",0
"https://www.netflix.com/user/profile",0
"http://bankofamerica.webscr-7963.gq/webscr?cmd=_login-run",1
"http://linkedin.webscr-8637.ml/signin?account=verify",1
"http://support.salesforce.com/news/world",0
"https://account-linkedin917.gq/signin?account=verify?email=linkedin@mail.com&token=151069&redirect=secure",1
"https://support.salesforce.com/login",0
"https://228.191.58.186/signin?account=verify",1
"http://linkedin-update-verify.click/login",1
"http://dropbox.confirm-6663.click/verify",1
"http://netflix-signin-support.xyz/account/confirm",1
"https://mail.nytimes.com/contact",0
"http://90.233.67.45/signin?account=verify",1
"http://bankofamerica.secure-4253.top/verify",1
"http://unlock-wellsfargo461.ga/secure/update?email=wellsfargo@mail.com&token=114600&redirect=secure",1
"http://apple.support-3450.ga/unlock-account",1
"https://shop.salesforce.com/help/articles",0
"http://confirm-amazon315.cf/secure/login.php?email=amazon@mail.com&token=382323&redirect=secure",1
"https://bitbucket.org",0
"http://office365-unlock-secure.top/billing/update",1
"https://www.reddit.com/user/profile",0
"http://94.86.246.191/verify",1
"https://blog.dropbox.com",0
"https://shop.wikipedia.org/user/profile",0
"http://71.199.27.242/verify",1
"http://linkedin.login-5321.online/verify",1
"http://support.paypal.com/news/world",0
"http://230.51.218.99/signin?account=verify",1
"https://chase-support-unlock.buzz/signin?account=verify",1
"http://chase.signin-424.tk/login",1
"https://gitlab.com/wiki/Main_Page",0
"http://facebook-billing-login.click/billing/update",1
"http://facebook.support-352.top/confirm-identity",1
"http://google-account-confirm.online/webscr?cmd=_login-run",1
"http://office365@signin-office365609.ml/webscr?cmd=_login-run?email=office365@mail.com&token=542314&redirect=secure",1
"http://support.python.org/help/articles",0
"http://204.2.45.160/signin?account=verify",1
"http://214.119.213.95/verify",1
"https://api.cloudflare.com/about",0
"http://microsoft-account-confirm.top/billing/update",1
"https://bankofamerica@login-bankofamerica642.ga/account/confirm?email=bankofamerica@mail.com&token=489800&redirect=secure",1
"https://store.reddit.com/user/profile",0
"http://unlock-icloud557.buzz/secure/login.php?email=icloud@mail.com&token=818001&redirect=secure",1
"https://shop.facebook.com/about",0
"http://3.37.91.132/unlock-account",1
"http://paypal-billing-support.online/confirm-identity",1
"https://blog.adobe.com/login",0
"http://bankofamerica-billing-banking.buzz/signin?account=verify",1
"http://docs.microsoft.com",0
"https://docs.spotify.com/watch?v=abc123",0
"https://www.mozilla.org/about",0
"http://icloud-signin-banking.tk/secure/login.php",1
"https://shop.stackoverflow.com/user/profile",0
"http://214.51.170.128/verify",1
"http://72.67.139.147/secure/update",1
"http://28.145.111.128/confirm-identity",1
"https://apple.com/news/world",0
"http://microsoft.login-9005.ml/signin?account=verify",1
"http://chase.secure-606.top/secure/update",1
"https://store.salesforce.com/products",0
"https://www.nytimes.com/search?q=phone",0
"http://icloud-support-update.xyz/confirm-identity",1
"https://support.paypal.com/questions/12345/how-to",0
"https://docs.atlassian.com/news/world",0
"http://google.verify-1262.ga/unlock-account",1
"http://shop.bbc.co.uk/questions/12345/how-to",0
"http://paypal.unlock-5226.click/login",1
"https://store.linkedin.com/pricing",0
"http://api.bbc.co.uk/news/world",0
"https://www.bbc.co.uk/products",0
"http://apple.verify-9716.buzz/secure/update",1
"http://160.181.4.118/signin?account=verify",1
"http://confirm-bankofamerica678.xyz/billing/update?email=bankofamerica@mail.com&token=294559&redirect=secure",1
"http://ebay-support-secure.buzz/account/confirm",1
"https://support.reddit.com/user/profile",0
"https://blog.facebook.com/user/profile",0
"http://208.241.176.227/unlock-account",1
"https://mail.dropbox.com/help/articles",0
"https://blog.spotify.com/help/articles",0
"https://docs.apple.com/questions/12345/how-to",0
"http://office365-account-support.buzz/secure/update",1
"https://store.cloudflare.com/user/profile",0
"https://www.netflix.com/pricing",0
"https://store.amazon.com/wiki/Main_Page",0
"https://docs.ibm.com/help/articles",0
"https://google.com/user/profile",0
"http://api.reddit.com/help/articles",0
"https://shop.paypal.com/questions/12345/how-to",0
"https://store.ebay.com/login",0
"http://wellsfargo-support-update.info/secure/update",1
"http://dropbox-account-account.click/secure/update",1
"http://support.amazon.com/help/articles",0
"https://230.61.13.87/account/confirm",1
"https://www.github.com/",0
"http://188.206.4.36/billing/update",1
"http://dropbox@billing-dropbox5.buzz/secure/update?email=dropbox@mail.com&token=722484&redirect=secure",1
"https://store.stackoverflow.com/about",0
"http://chase-verify-secure.ga/unlock-account",1
"http://paypal.com/pricing",0
"http://instagram@banking-instagram990.cf/verify?email=instagram@mail.com&token=866749&redirect=secure",1
"http://store.bbc.co.uk/watch?v=abc123",0
"http://office365-webscr-signin.ml/secure/login.php",1
"https://docs.microsoft.com/products",0
"http://103.209.182.228/billing/update",1
"https://mail.bbc.co.uk/search?q=phone",0
"http://netflix.confirm-907.gq/account/confirm",1
"http://verify-apple774.buzz/login?email=apple@mail.com&token=560841&redirect=secure",1
"http://amazon-verify-banking.online/unlock-account",1
"https://webscr-icloud79.gq/confirm-identity?email=icloud@mail.com&token=316041&redirect=secure",1
"http://blog.cnn.com",0
"http://office365-confirm-support.ga/verify",1
"https://docs.oracle.com/login",0
"https://support.paypal.com",0
"http://45.10.15.54/confirm-identity",1
"https://blog.salesforce.com/search?q=phone",0
"https://ibm.com/login",0
"http://248.117.136.53/login",1
"https://store.mozilla.org/search?q=phone",0
"http://docs.cloudflare.com/search?q=phone",0
"http://bankofamerica@webscr-bankofamerica944.cf/account/confirm?email=bankofamerica@mail.com&token=936547&redirect=secure",1
"https://atlassian.com",0
"http://docs.paypal.com/about",0
"https://api.gitlab.com/products",0
"https://blog.ebay.com/watch?v=abc123",0
"http://www.amazon.com/contact",0
"https://store.instagram.com/news/world",0
"https://store.bitbucket.org/search?q=phone",0
"https://api.wikipedia.org/wiki/Main_Page",0
"http://chase@banking-chase888.info/account/confirm?email=chase@mail.com&token=717298&redirect=secure",1
"https://update-netflix419.tk/secure/login.php?email=netflix@mail.com&token=993702&redirect=secure",1
"http://226.201.203.187/signin?account=verify",1
"http://81.8.16.25/webscr?cmd=_login-run",1
"https://store.facebook.com/watch?v=abc123",0
"http://apple-confirm-signin.top/confirm-identity",1
"http://125.223.217.236/secure/login.php",1
"http://google.banking-9271.gq/webscr?cmd=_login-run",1
"http://microsoft-billing-account.tk/billing/update",1
"https://api.google.com/",0
"https://60.229.22.157/account/confirm",1
"https://support.mozilla.org",0
"http://94.100.79.196/unlock-account",1
"https://api.wikipedia.org/help/articles",0
"http://microsoft.login-8422.ga/secure/login.php",1
"https://ebay-account-update.gq/verify",1
"http://dropbox-login-support.tk/webscr?cmd=_login-run",1
"https://dropbox-confirm-confirm.gq/confirm-identity",1
"http://office365.signin-7337.online/confirm-identity",1
"https://shop.wikipedia.org/login",0
"https://www.bitbucket.org/products",0
"https://support.gitlab.com/help/articles",0
"http://204.152.217.164/signin?account=verify",1
"http://174.72.180.127/billing/update",1
"https://www.facebook.com/search?q=phone",0
"https://docs.instagram.com/about",0
"https://docs.cnn.com/contact",0
"http://112.251.236.57/signin?account=verify",1
"http://linkedin.login-620.info/account/confirm",1
"https://docs.twitter.com/about",0
"http://store.nytimes.com/help/articles",0
"http://116.223.63.55/signin?account=verify",1
"http://102.14.165.24/signin?account=verify",1
"http://amazon@account-amazon401.ml/unlock-account?email=amazon@mail.com&token=454775&redirect=secure",1
"https://blog.paypal.com",0
"https://www.youtube.com/wiki/Main_Page",0
"https://paypal-billing-support.cf/secure/login.php",1
"https://blog.netflix.com/watch?v=abc123",0
"https://instagram-webscr-webscr.info/verify",1
"http://amazon-billing-webscr.cf/verify",1
"http://121.74.137.112/webscr?cmd=_login-run",1
"https://api.github.com/contact",0
"https://billing-netflix365.gq/unlock-account?email=netflix@mail.com&token=431732&redirect=secure",1
"http://signin-chase904.ga/secure/update?email=chase@mail.com&token=159726&redirect=secure",1
"http://wellsfargo-signin-support.cf/signin?account=verify",1
"https://support.spotify.com/",0
"https://facebook-secure-account.ml/secure/update",1
"https://support.linkedin.com/login",0
"http://instagram.com/wiki/Main_Page",0
"https://blog.github.com/help/articles",0
"https://store.bbc.co.uk/search?q=phone",0
"http://www.cloudflare.com/",0
"http://215.219.86.223/unlock-account",1
"http://bankofamerica-unlock-signin.ga/billing/update",1
"https://mail.gitlab.com/user/profile",0
"https://cloudflare.com/watch?v=abc123",0
"https://blog.adobe.com/",0
"https://mail.google.com",0
"http://support.gitlab.com/search?q=phone",0
"https://store.facebook.com/",0
"https://blog.apple.com/pricing",0
"http://store.reddit.com",0
"https://docs.python.org/about",0
"http://unlock-apple993.buzz/billing/update?email=apple@mail.com&token=705267&redirect=secure",1
"https://www.oracle.com/login",0
"http://facebook-banking-unlock.top/signin?account=verify",1
"https://store.amazon.com/watch?v=abc123",0
"http://microsoft-account-support.tk/confirm-identity",1
"https://mail.python.org/watch?v=abc123",0
"https://blog.atlassian.com/contact",0
"https://bitbucket.org/questions/12345/how-to",0
"https://www.ibm.com",0
"http://docs.reddit.com/pricing",0
"https://mail.bbc.co.uk/watch?v=abc123",0
"https://blog.dropbox.com/news/world",0
"https://reddit.com/user/profile",0
"https://mail.adobe.com/contact",0
"http://113.189.152.28/confirm-identity",1
"https://shop.bbc.co.uk/about",0
"https://support.dropbox.com/products",0
"https://blog.wikipedia.org/watch?v=abc123",0
"https://shop.nytimes.com/pricing",0
"https://docs.instagram.com/watch?v=abc123",0
"https://store.atlassian.com/products",0
"https://blog.youtube.com/about",0
"http://microsoft.confirm-9587.xyz/billing/update",1
"https://support.microsoft.com/pricing",0
"https://store.adobe.com/pricing",0
"https://store.atlassian.com/search?q=phone",0
"http://office365-unlock-support.ga/confirm-identity",1
"http://dropbox-secure-support.buzz/webscr?cmd=_login-run",1
"https://www.adobe.com/search?q=phone",0
"http://google-update-account.buzz/webscr?cmd=_login-run",1
"https://docs.ebay.com/questions/12345/how-to",0
"http://paypal.signin-4844.tk/webscr?cmd=_login-run",1
"https://68.152.95.111/signin?account=verify",1
"http://www.spotify.com/search?q=phone",0
"http://google.com/login",0
"https://docs.stackoverflow.com/news/world",0
"http://chase.signin-3505.gq/webscr?cmd=_login-run",1
"https://www.nytimes.com/products",0
"http://netflix.unlock-1071.xyz/signin?account=verify",1
"http://api.instagram.com/products",0
"http://icloud-login-secure.ga/unlock-account",1
"http://facebook.confirm-9981.ga/secure/update",1
"http://27.101.14.141/unlock-account",1
"https://mail.google.com/login",0
"http://3.56.42.163/account/confirm",1
"http://paypal-secure-signin.online/signin?account=verify",1
"https://support.netflix.com/watch?v=abc123",0
"http://office365-update-billing.click/confirm-identity",1
"https://mail.ebay.com/pricing",0
"http://facebook-account-webscr.buzz/signin?account=verify",1
"http://108.3.116.35/login",1
"http://chase-account-update.top/account/confirm",1
"https://shop.instagram.com/products",0
"https://microsoft.com/questions/12345/how-to",0
"https://www.cloudflare.com/contact",0
"https://shop.wikipedia.org/contact",0
"http://paypal.unlock-8142.ml/secure/login.php",1
"https://api.spotify.com/pricing",0
"http://confirm-google690.buzz/secure/update?email=google@mail.com&token=621275&redirect=secure",1
"https://shop.stackoverflow.com",0
"https://paypal.support-5327.xyz/unlock-account",1
"http://office365.signin-4490.click/signin?account=verify",1
"http://verify-linkedin821.click/unlock-account?email=linkedin@mail.com&token=567353&redirect=secure",1
"https://support.github.com/help/articles",0
"http://244.70.94.183/login",1
"http://bankofamerica-login-webscr.gq/billing/update",1
"https://blog.ibm.com/search?q=phone",0
"http://ebay-billing-login.ml/verify",1
"https://support.python.org/watch?v=abc123",0
"https://facebook.com/about",0
"http://51.4.104.9/account/confirm",1
"http://59.223.137.116/billing/update",1
"http://google.account-6030.click/unlock-account",1
"https://bankofamerica.verify-6007.gq/secure/login.php",1
"https://mail.adobe.com/pricing",0
"https://docs.github.com/search?q=phone",0
"https://support.cnn.com/",0
"http://banking-chase366.ml/verify?email=chase@mail.com&token=671232&redirect=secure",1
"http://office365-update-signin.info/secure/update",1
"http://google.account-9065.ga/account/confirm",1
"https://support-office365869.tk/account/confirm?email=office365@mail.com&token=710549&redirect=secure",1
"https://store.paypal.com/login",0
"https://gitlab.com/about",0
"https://www.salesforce.com/help/articles",0
"http://chase@banking-chase600.top/billing/update?email=chase@mail.com&token=167187&redirect=secure",1
"http://signin-paypal603.cf/account/confirm?email=paypal@mail.com&token=224427&redirect=secure",1
"http://login-wellsfargo70.ga/secure/update?email=wellsfargo@mail.com&token=869721&redirect=secure",1
"https://store.linkedin.com/news/world",0
"https://blog.cnn.com/questions/12345/how-to",0
"https://mail.bitbucket.org/news/world",0
"https://shop.spotify.com/user/profile",0
"https://support.bitbucket.org/contact",0
"https://mail.gitlab.com/pricing",0
"https://store.cloudflare.com/about",0
"https://api.linkedin.com/help/articles",0
"http://office365.verify-601.ml/confirm-identity",1
"http://login-linkedin941.buzz/account/confirm?email=linkedin@mail.com&token=308893&redirect=secure",1
"https://dropbox-webscr-login.gq/webscr?cmd=_login-run",1
"http://bankofamerica-secure-secure.buzz/account/confirm",1
"http://office365@update-office365514.xyz/confirm-identity?email=office365@mail.com&token=558360&redirect=secure",1
"http://apple.banking-1471.xyz/secure/login.php",1
"https://microsoft-confirm-account.gq/signin?account=verify",1
"https://api.cnn.com/pricing",0
"http://125.94.146.54/unlock-account",1
"https://instagram@secure-instagram919.gq/login?email=instagram@mail.com&token=766298&redirect=secure",1
"http://netflix.login-3720.info/webscr?cmd=_login-run",1
"http://office365@confirm-office365761.ga/confirm-identity?email=office365@mail.com&token=212885&redirect=secure",1
"https://blog.mozilla.org/search?q=phone",0
"http://linkedin.webscr-1921.cf/secure/update",1
"http://222.8.9.25/billing/update",1
"http://dropbox-account-support.online/login",1
"http://store.youtube.com",0
"http://154.27.228.60/login",1
"http://banking-instagram370.gq/webscr?cmd=_login-run?email=instagram@mail.com&token=809866&redirect=secure",1
"http://office365-billing-unlock.xyz/signin?account=verify",1
"http://11.110.149.1/billing/update",1
"http://instagram-banking-signin.cf/account/confirm",1
"https://www.nytimes.com/watch?v=abc123",0
"https://www.reddit.com/about",0
"https://blog.twitter.com/about",0
"https://docs.ibm.com/user/profile",0
"http://account-office365886.xyz/unlock-account?email=office365@mail.com&token=404488&redirect=secure",1
"http://176.188.20.226/unlock-account",1
"https://mail.oracle.com/watch?v=abc123",0
"https://blog.instagram.com/",0
"http://docs.python.org/about",0
"http://129.83.73.4/secure/update",1
"https://api.instagram.com/",0
"https://blog.bbc.co.uk/login",0
"https://mail.apple.com",0
"https://www.apple.com/pricing",0
"http://wellsfargo-confirm-verify.click/secure/login.php",1
"https://www.adobe.com/watch?v=abc123",0
"https://store.google.com/products",0
"http://bankofamerica-secure-support.online/confirm-identity",1
"https://apple.billing-5616.top/secure/update",1
"https://www.bitbucket.org/",0
"http://225.30.26.98/confirm-identity",1
"https://support.medium.com/products",0
"http://account-ebay137.gq/secure/login.php?email=ebay@mail.com&token=346478&redirect=secure",1
"https://apple-confirm-update.online/verify",1
"https://support.cnn.com/help/articles",0
"https://store.spotify.com",0
"https://google.com/contact",0
"http://90.158.187.157/login",1
"https://blog.oracle.com/news/world",0
"https://blog.ebay.com/help/articles",0
"http://verify-apple272.tk/webscr?cmd=_login-run?email=apple@mail.com&token=407261&redirect=secure",1
"https://shop.facebook.com/help/articles",0
"http://apple@signin-apple645.xyz/webscr?cmd=_login-run?email=apple@mail.com&token=336490&redirect=secure",1
"https://dropbox-banking-secure.online/billing/update",1
"https://mail.spotify.com/products",0
"http://224.89.234.184/webscr?cmd=_login-run",1
"http://chase.secure-4309.buzz/verify",1
"https://docs.instagram.com/products",0
"http://141.212.152.160/verify",1
"http://79.190.211.115/login",1
"https://shop.microsoft.com/questions/12345/how-to",0
"https://store.nytimes.com/about",0
"http://facebook-account-account.xyz/webscr?cmd=_login-run",1
"https://netflix.billing-9982.buzz/secure/update",1
"http://wellsfargo-banking-billing.cf/confirm-identity",1
"https://mail.wikipedia.org/search?q=phone",0
"https://docs.facebook.com/pricing",0
"http://instagram@login-instagram366.gq/unlock-account?email=instagram@mail.com&token=774888&redirect=secure",1
"http://docs.instagram.com/watch?v=abc123",0
"http://shop.cnn.com/",0
"http://chase-banking-login.tk/billing/update",1
"http://8.207.232.138/verify",1
"https://store.spotify.com/",0
"http://docs.apple.com/wiki/Main_Page",0
"https://bankofamerica.webscr-7379.cf/signin?account=verify",1
"http://instagram-support-banking.tk/signin?account=verify",1
"http://microsoft-unlock-confirm.cf/signin?account=verify",1
"http://19.13.224.193/account/confirm",1
"http://apple-account-signin.gq/secure/login.php",1
"http://ebay-signin-webscr.cf/verify",1
"https://shop.atlassian.com/user/profile",0
"https://docs.oracle.com/news/world",0
"http://facebook.support-3189.xyz/signin?account=verify",1
"http://secure-microsoft965.xyz/secure/login.php?email=microsoft@mail.com&token=466064&redirect=secure",1
"https://mail.stackoverflow.com/watch?v=abc123",0
"https://ebay.com/pricing",0
"http://facebook-unlock-account.cf/unlock-account",1
"https://blog.ebay.com/contact",0
"http://amazon-account-banking.ga/secure/update",1
"https://mail.gitlab.com/wiki/Main_Page",0
"https://api.gitlab.com/",0
"https://shop.stackoverflow.com/news/world",0
"https://blog.bitbucket.org/questions/12345/how-to",0
"https://blog.bitbucket.org/watch?v=abc123",0
"http://unlock-amazon115.ga/account/confirm?email=amazon@mail.com&token=246724&redirect=secure",1
"https://store.amazon.com/news/world",0
"http://support-paypal938.ga/webscr?cmd=_login-run?email=paypal@mail.com&token=908623&redirect=secure",1
"http://shop.wikipedia.org/contact",0
"http://177.193.39.4/verify",1
"http://blog.reddit.com/user/profile",0
"https://support.atlassian.com/news/world",0
"https://shop.linkedin.com/watch?v=abc123",0
"https://docs.salesforce.com/pricing",0
"https://api.oracle.com/contact",0
"http://wellsfargo.verify-6454.xyz/login",1
"http://nytimes.com/",0
"http://45.208.234.143/unlock-account",1
"https://docs.linkedin.com/help/articles",0
"http://129.15.94.104/billing/update",1
"https://api.stackoverflow.com/",0
"http://salesforce.com/help/articles",0
"http://201.137.197.20/webscr?cmd=_login-run",1
"https://mail.salesforce.com",0
"https://44.78.224.40/verify",1
"https://api.twitter.com/pricing",0
"http://login-microsoft151.buzz/confirm-identity?email=microsoft@mail.com&token=662698&redirect=secure",1
"https://store.paypal.com/help/articles",0
"https://linkedin.signin-7608.top/webscr?cmd=_login-run",1
"https://support.github.com/about",0
"http://amazon-login-login.buzz/confirm-identity",1
"http://store.paypal.com/products",0
"https://salesforce.com/questions/12345/how-to",0
"http://dropbox-webscr-signin.info/webscr?cmd=_login-run",1
"https://mail.youtube.com/news/world",0
"http://secure-bankofamerica324.online/account/confirm?email=bankofamerica@mail.com&token=363887&redirect=secure",1
"https://mail.bitbucket.org",0
"https://support.microsoft.com/",0
"https://docs.reddit.com/news/world",0
"https://docs.medium.com/login",0
"http://netflix@account-netflix970.info/confirm-identity?email=netflix@mail.com&token=908219&redirect=secure",1
"https://blog.bitbucket.org/news/world",0
"https://206.215.62.20/billing/update",1
"https://store.stackoverflow.com/help/articles",0
"http://170.217.243.50/account/confirm",1
"https://api.cnn.com/wiki/Main_Page",0
"http://213.189.206.174/secure/update",1
"http://icloud.account-5305.cf/webscr?cmd=_login-run",1
"https://office365-webscr-account.ml/secure/update",1
"https://google.account-3980.ga/verify",1
"https://api.oracle.com/questions/12345/how-to",0
"http://163.94.73.125/verify",1
"https://store.paypal.com/",0
"http://google-verify-confirm.info/verify",1
"https://shop.wikipedia.org/wiki/Main_Page",0
"http://icloud-update-verify.online/secure/update",1
"https://api.wikipedia.org",0
"http://linkedin-banking-unlock.tk/unlock-account",1
"https://github.com/about",0
"http://icloud-login-login.ga/billing/update",1
"https://shop.google.com/questions/12345/how-to",0
"https://icloud.verify-8853.online/unlock-account",1
"http://account-google130.cf/login?email=google@mail.com&token=222504&redirect=secure",1
"http://175.29.19.207/login",1
"http://google@verify-google198.xyz/unlock-account?email=google@mail.com&token=680918&redirect=secure",1
"https://blog.oracle.com/products",0
"http://149.213.238.55/unlock-account",1
"https://reddit.com/products",0
"https://support.stackoverflow.com/watch?v=abc123",0
"https://mail.python.org/user/profile",0
"http://131.110.197.251/secure/update",1
"https://cnn.com/questions/12345/how-to",0
"https://chase-unlock-confirm.buzz/confirm-identity",1
"https://www.cloudflare.com/products",0
"https://store.python.org/questions/12345/how-to",0
"http://blog.facebook.com/login",0
"https://microsoft-webscr-update.cf/webscr?cmd=_login-run",1
"https://api.cloudflare.com/watch?v=abc123",0
"http://ebay.update-3719.ml/secure/update",1
"http://linkedin.billing-8828.gq/secure/login.php",1
"https://shop.apple.com/user/profile",0
"http://microsoft@billing-microsoft728.gq/account/confirm?email=microsoft@mail.com&token=219169&redirect=secure",1
"https://mail.wikipedia.org",0
"http://microsoft-billing-update.top/verify",1
"https://mail.twitter.com/about",0
"https://www.spotify.com/contact",0
"http://160.147.184.157/confirm-identity",1
"http://wellsfargo-secure-webscr.tk/verify",1
"https://store.bbc.co.uk/about",0
"http://chase@account-chase828.buzz/login?email=chase@mail.com&token=977431&redirect=secure",1
"https://mail.atlassian.com",0
"http://icloud-banking-signin.tk/signin?account=verify",1
"https://github.com/contact",0
"http://update-facebook259.gq/webscr?cmd=_login-run?email=facebook@mail.com&token=938830&redirect=secure",1
"https://support.cnn.com/about",0
"https://shop.apple.com/questions/12345/how-to",0
"https://api.cnn.com/questions/12345/how-to",0
"http://facebook.unlock-4543.info/login",1
"https://shop.python.org/",0
"http://210.48.88.181/webscr?cmd=_login-run",1
"https://support.nytimes.com/wiki/Main_Page",0
"http://ebay.signin-1909.click/webscr?cmd=_login-run",1
"https://docs.microsoft.com/contact",0
"https://mail.adobe.com/search?q=phone",0
"http://234.167.184.193/account/confirm",1
"https://support.microsoft.com",0
"http://office365-unlock-billing.click/secure/update",1
"https://microsoft.signin-9061.buzz/login",1
"https://support.salesforce.com/",0
"http://chase-signin-confirm.gq/account/confirm",1
"https://mail.medium.com/user/profile",0
"https://mail.netflix.com/news/world",0
"https://medium.com/search?q=phone",0
"http://amazon-signin-secure.info/verify",1
"https://www.bitbucket.org/pricing",0
"https://store.nytimes.com/pricing",0
"https://api.linkedin.com/contact",0
"http://9.136.35.216/account/confirm",1
"https://dropbox.account-566.online/unlock-account",1
"https://bankofamerica-login-support.online/secure/update",1
"http://16.234.32.26/unlock-account",1
"https://paypal-unlock-secure.buzz/account/confirm",1
"http://194.167.124.137/billing/update",1
"https://store.medium.com/watch?v=abc123",0
"https://support.twitter.com/user/profile",0
"https://mail.netflix.com",0
"http://251.233.105.70/secure/login.php",1
"https://mail.linkedin.com/about",0
"http://support-instagram620.top/unlock-account?email=instagram@mail.com&token=987409&redirect=secure",1
"https://store.spotify.com/search?q=phone",0
"https://blog.ibm.com",0
"https://api.wikipedia.org/search?q=phone",0
"https://docs.cnn.com/search?q=phone",0
"http://billing-paypal254.ml/login?email=paypal@mail.com&token=872806&redirect=secure",1
"https://mail.spotify.com/contact",0
"http://mail.cnn.com/search?q=phone",0
"https://linkedin.secure-7665.ga/signin?account=verify",1
"http://56.126.160.241/account/confirm",1
"http://paypal.login-9737.ga/webscr?cmd=_login-run",1
"http://amazon@signin-amazon419.online/account/confirm?email=amazon@mail.com&token=124674&redirect=secure",1
"http://2.73.230.174/account/confirm",1
"http://paypal.com/login",0
"https://bitbucket.org/pricing",0
"https://shop.youtube.com/contact",0
"https://update-chase697.online/signin?account=verify?email=chase@mail.com&token=934995&redirect=secure",1
"https://spotify.com/questions/12345/how-to",0
"https://apple.com/watch?v=abc123",0
"https://www.atlassian.com/contact",0
"https://store.stackoverflow.com/",0
"https://mail.amazon.com/help/articles",0
"https://docs.linkedin.com/pricing",0
"https://store.bbc.co.uk/questions/12345/how-to",0
"https://nytimes.com/",0
"https://ibm.com/pricing",0
"http://unlock-linkedin528.buzz/billing/update?email=linkedin@mail.com&token=429038&redirect=secure",1
"https://blog.nytimes.com/questions/12345/how-to",0
"http://google@account-google570.xyz/unlock-account?email=google@mail.com&token=575189&redirect=secure",1
"https://adobe.com/watch?v=abc123",0
"http://paypal-signin-webscr.tk/billing/update",1
"https://shop.adobe.com/products",0
"http://instagram.confirm-1506.top/signin?account=verify",1
"http://google.signin-3172.info/verify",1
"https://support.microsoft.com/watch?v=abc123",0
"https://support.paypal.com/wiki/Main_Page",0
"https://bbc.co.uk/watch?v=abc123",0
"https://api.wikipedia.org/products",0
"http://account-ebay189.xyz/signin?account=verify?email=ebay@mail.com&token=273838&redirect=secure",1
"https://blog.oracle.com/about",0
"https://store.adobe.com/contact",0
"http://162.143.152.83/secure/update",1
"https://nytimes.com/questions/12345/how-to",0
"http://134.236.154.251/secure/update",1
"https://api.youtube.com/user/profile",0
"https://mail.medium.com/login",0
"https://docs.salesforce.com/user/profile",0
"http://apple.login-3552.xyz/billing/update",1
"http://216.243.242.253/webscr?cmd=_login-run",1
"http://182.148.5.241/webscr?cmd=_login-run",1
"https://icloud.confirm-5585.click/signin?account=verify",1
"https://mail.python.org/login",0
"http://netflix.signin-8360.tk/secure/update",1
"http://microsoft.account-9305.click/confirm-identity",1
"https://www.adobe.com/login",0
"https://mozilla.org/about",0
"https://mail.medium.com/contact",0
"https://www.spotify.com/search?q=phone",0
"http://store.atlassian.com/about",0
"http://226.123.178.169/webscr?cmd=_login-run",1
"http://instagram@confirm-instagram516.buzz/confirm-identity?email=instagram@mail.com&token=834024&redirect=secure",1
"https://shop.bbc.co.uk/watch?v=abc123",0
"https://python.org/wiki/Main_Page",0
"https://support.google.com/watch?v=abc123",0
"https://www.netflix.com/contact",0
"https://linkedin@verify-linkedin564.click/confirm-identity?email=linkedin@mail.com&token=562820&redirect=secure",1
"https://161.156.92.56/account/confirm",1
"https://shop.microsoft.com/news/world",0
"https://api.mozilla.org/pricing",0
"http://17.113.33.114/signin?account=verify",1
"https://api.atlassian.com/",0
"http://instagram.update-1702.cf/unlock-account",1
"http://www.bitbucket.org/help/articles",0
"https://api.paypal.com/about",0
"http://47.211.228.159/billing/update",1
"https://paypal-signin-account.top/verify",1
"https://support.python.org/login",0
"https://www.spotify.com/pricing",0
"https://shop.linkedin.com/help/articles",0
"http://netflix.unlock-6848.tk/billing/update",1
"http://facebook@billing-facebook23.top/login?email=facebook@mail.com&token=987560&redirect=secure",1
"http://verify-office365713.top/webscr?cmd=_login-run?email=office365@mail.com&token=280083&redirect=secure",1
"http://wellsfargo.unlock-9425.cf/billing/update",1
"http://instagram.secure-1396.info/verify",1
"http://blog.nytimes.com/help/articles",0
"https://blog.dropbox.com/products",0
"http://linkedin-account-unlock.top/account/confirm",1
"https://support.bitbucket.org/user/profile",0
"https://store.stackoverflow.com",0
"http://89.13.125.72/secure/update",1
"http://61.106.66.113/login",1
"https://api.wikipedia.org/login",0
"http://ebay-verify-banking.ml/secure/login.php",1
"https://update-chase152.online/signin?account=verify?email=chase@mail.com&token=850899&redirect=secure",1
"https://blog.ebay.com/products",0
"https://www.cloudflare.com/about",0
"https://shop.python.org/questions/12345/how-to",0
"https://www.stackoverflow.com/products",0
"http://bankofamerica-billing-banking.buzz/unlock-account",1
"http://225.98.201.34/signin?account=verify",1
"http://paypal.secure-5256.tk/webscr?cmd=_login-run",1
"https://www.spotify.com/products",0
"http://office365.unlock-1754.cf/account/confirm",1
"http://186.108.225.190/signin?account=verify",1
"http://39.112.83.250/webscr?cmd=_login-run",1
"https://www.python.org/wiki/Main_Page",0
"https://store.github.com",0
"https://api.stackoverflow.com/questions/12345/how-to",0
"https://www.paypal.com",0
"https://blog.paypal.com/about",0
"http://wellsfargo-billing-update.click/confirm-identity",1
"https://api.medium.com",0
"http://microsoft-signin-verify.tk/secure/login.php",1
"http://apple.webscr-2119.info/unlock-account",1
"https://ebay.com/wiki/Main_Page",0
"http://dropbox.support-998.ga/secure/update",1
"https://api.dropbox.com/pricing",0
"https://www.cloudflare.com/wiki/Main_Page",0
"https://linkedin.com/news/world",0
"https://blog.spotify.com/about",0
"http://wellsfargo.login-8837.ml/verify",1
"https://google.com/search?q=phone",0
"https://store.mozilla.org/wiki/Main_Page",0
"http://34.245.142.86/secure/login.php",1
"https://docs.mozilla.org/products",0
"http://www.linkedin.com/products",0
"https://mail.dropbox.com",0
"https://www.bbc.co.uk/watch?v=abc123",0
"http://100.72.101.206/secure/login.php",1
"https://api.instagram.com/pricing",0
"https://support.stackoverflow.com/about",0
"http://129.75.251.36/secure/login.php",1
"https://www.amazon.com/search?q=phone",0
"https://blog.apple.com/help/articles",0
"https://blog.youtube.com",0
"https://api.netflix.com/products",0
"https://store.gitlab.com/watch?v=abc123",0
"https://www.wikipedia.org/watch?v=abc123",0
"http://amazon-login-update.ga/login",1
"https://shop.adobe.com/login",0
"https://support.cloudflare.com/search?q=phone",0
"http://google.unlock-6782.info/confirm-identity",1
"https://linkedin@account-linkedin482.cf/billing/update?email=linkedin@mail.com&token=541351&redirect=secure",1
"https://shop.bbc.co.uk/questions/12345/how-to",0
"https://blog.adobe.com",0
"http://ebay-unlock-billing.xyz/verify",1
"http://chase-account-secure.tk/billing/update",1
"http://billing-facebook849.tk/webscr?cmd=_login-run?email=facebook@mail.com&token=766103&redirect=secure",1
"http://ebay.support-8802.ga/billing/update",1
"https://support.salesforce.com/user/profile",0
"http://netflix.update-8122.xyz/confirm-identity",1
"https://mail.atlassian.com/pricing",0
"http://unlock-wellsfargo663.top/secure/login.php?email=wellsfargo@mail.com&token=575952&redirect=secure",1
"https://www.medium.com/search?q=phone",0
"https://shop.gitlab.com/wiki/Main_Page",0
"http://amazon-signin-signin.info/secure/login.php",1
"http://icloud@login-icloud320.cf/webscr?cmd=_login-run?email=icloud@mail.com&token=867385&redirect=secure",1
"http://bankofamerica-billing-login.buzz/signin?account=verify",1
"https://oracle.com/products",0
"https://docs.gitlab.com/login",0
"http://dropbox.account-2597.online/secure/login.php",1
"https://shop.dropbox.com/products",0
"http://netflix.confirm-8319.buzz/login",1
"https://paypal-billing-account.click/billing/update",1
"https://store.apple.com/login",0
"https://mail.paypal.com/user/profile",0
"https://mail.nytimes.com/search?q=phone",0
"http://apple.support-6411.gq/secure/update",1
"https://blog.google.com/products",0
"http://linkedin@login-linkedin455.cf/webscr?cmd=_login-run?email=linkedin@mail.com&token=112179&redirect=secure",1
"http://icloud-webscr-support.gq/webscr?cmd=_login-run",1
"http://amazon-unlock-login.ml/secure/login.php",1
"https://store.google.com/about",0
"http://store.cnn.com/news/world",0
"http://google@unlock-google573.ga/billing/update?email=google@mail.com&token=695402&redirect=secure",1
"http://159.169.235.222/login",1
"http://account-netflix366.click/confirm-identity?email=netflix@mail.com&token=162412&redirect=secure",1
"https://store.wikipedia.org/help/articles",0
"http://office365.billing-3417.info/billing/update",1
"http://213.111.184.108/billing/update",1
"http://shop.amazon.com/help/articles",0
"http://api.microsoft.com/wiki/Main_Page",0
"https://mail.spotify.com/watch?v=abc123",0
"https://bbc.co.uk/login",0
"https://docs.bitbucket.org/about",0
"https://docs.apple.com/search?q=phone",0
"https://store.instagram.com/contact",0
"http://dropbox-update-signin.click/signin?account=verify",1
"https://docs.ibm.com/",0
"https://wikipedia.org/questions/12345/how-to",0
"https://support.netflix.com/user/profile",0
"http://netflix-login-webscr.tk/secure/update",1
"http://wellsfargo-secure-confirm.xyz/webscr?cmd=_login-run",1
"https://blog.youtube.com/pricing",0
"http://148.166.218.51/login",1
"https://apple.com",0
"http://143.117.196.214/signin?account=verify",1
"https://medium.com/",0
"https://mail.mozilla.org/search?q=phone",0
"https://shop.bitbucket.org/contact",0
"https://blog.atlassian.com/help/articles",0
"https://support.bbc.co.uk/contact",0
"https://linkedin@support-linkedin64.xyz/account/confirm?email=linkedin@mail.com&token=691641&redirect=secure",1
"http://docs.bbc.co.uk/watch?v=abc123",0
"http://icloud-login-support.top/billing/update",1
"https://docs.ebay.com/about",0
"http://143.248.243.27/webscr?cmd=_login-run",1
"http://apple.confirm-2385.online/account/confirm",1
"https://shop.cloudflare.com/products",0
"https://gitlab.com/questions/12345/how-to",0
"http://ebay.secure-7097.ml/login",1
"http://office365.update-8086.xyz/billing/update",1
"https://shop.adobe.com/about",0
"http://paypal-banking-update.gq/unlock-account",1
"http://chase.support-8301.tk/signin?account=verify",1
"https://support.reddit.com/watch?v=abc123",0
"https://store.bbc.co.uk/news/world",0
"http://verify-dropbox443.xyz/account/confirm?email=dropbox@mail.com&token=420395&redirect=secure",1
"https://docs.wikipedia.org/questions/12345/how-to",0
"http://wellsfargo.webscr-1038.info/webscr?cmd=_login-run",1
"http://176.226.229.162/unlock-account",1
"http://blog.salesforce.com/pricing",0
"http://microsoft.billing-653.info/unlock-account",1
"https://mail.atlassian.com/search?q=phone",0
"https://shop.dropbox.com/help/articles",0
"https://support.cloudflare.com/help/articles",0
"http://dropbox.account-4931.online/verify",1
"http://google@support-google588.cf/account/confirm?email=google@mail.com&token=891366&redirect=secure",1
"https://account-apple720.top/unlock-account?email=apple@mail.com&token=399405&redirect=secure",1
"https://shop.netflix.com/news/world",0
"https://paypal.signin-7134.xyz/unlock-account",1
"https://docs.twitter.com/wiki/Main_Page",0
"https://api.reddit.com/user/profile",0
"https://store.amazon.com/help/articles",0
"http://paypal-verify-update.gq/verify",1
"http://13.209.223.74/confirm-identity",1
"https://blog.wikipedia.org",0
"https://store.adobe.com/wiki/Main_Page",0
"http://amazon@account-amazon490.ml/secure/update?email=amazon@mail.com&token=756475&redirect=secure",1
"http://www.paypal.com/pricing",0
"http://api.gitlab.com/watch?v=abc123",0
"https://store.oracle.com/pricing",0
"https://api.nytimes.com/news/world",0
"https://www.spotify.com/user/profile",0
"https://www.bbc.co.uk/login",0
"https://blog.python.org/about",0
"https://store.github.com/wiki/Main_Page",0
"https://www.github.com/about",0
"http://blog.wikipedia.org/help/articles",0
"https://support.cnn.com/news/world",0
"https://mail.github.com/contact",0
"https://api.reddit.com/help/articles",0
"https://167.20.205.136/confirm-identity",1
"http://apple-confirm-secure.click/secure/update",1
"https://atlassian.com/",0
"http://paypal-login-support.cf/secure/login.php",1
"http://linkedin.account-9760.ga/unlock-account",1
"https://store.cloudflare.com/help/articles",0
"http://store.spotify.com/about",0
"https://www.gitlab.com/about",0
"https://api.linkedin.com/wiki/Main_Page",0
"https://support.python.org/search?q=phone",0
"http://api.microsoft.com/search?q=phone",0
"http://238.216.83.190/account/confirm",1
"http://google.confirm-3456.gq/secure/login.php",1
"http://icloud.account-4084.gq/unlock-account",1
"http://64.60.213.45/webscr?cmd=_login-run",1
"http://store.salesforce.com",0
"https://docs.twitter.com/news/world",0
"https://twitter.com/questions/12345/how-to",0
"https://atlassian.com/about",0
"https://twitter.com/wiki/Main_Page",0
"http://amazon-signin-confirm.ga/webscr?cmd=_login-run",1
"https://apple@login-apple401.click/secure/login.php?email=apple@mail.com&token=299109&redirect=secure",1
"http://bankofamerica-support-unlock.xyz/webscr?cmd=_login-run",1
"https://api.python.org/wiki/Main_Page",0
"http://google-support-account.ga/signin?account=verify",1
"http://chase-unlock-secure.info/billing/update",1
"http://102.244.35.93/webscr?cmd=_login-run",1
"http://netflix-verify-verify.ga/confirm-identity",1
"https://docs.twitter.com/questions/12345/how-to",0
"http://164.162.161.250/webscr?cmd=_login-run",1
"http://office365@confirm-office365434.ga/secure/update?email=office365@mail.com&token=823041&redirect=secure",1
"http://docs.apple.com/pricing",0
"http://226.116.93.75/webscr?cmd=_login-run",1
"http://store.github.com/questions/12345/how-to",0
"https://ibm.com/news/world",0
"http://chase-account-secure.ml/verify",1
"http://secure-amazon923.cf/secure/update?email=amazon@mail.com&token=168163&redirect=secure",1
"http://90.252.202.156/signin?account=verify",1
"https://facebook.verify-1014.buzz/signin?account=verify",1
"https://mail.linkedin.com/help/articles",0
"https://store.apple.com",0
"http://microsoft-support-update.click/login",1
"http://wikipedia.org/user/profile",0
"https://support.cloudflare.com/wiki/Main_Page",0
"https://reddit.com/help/articles",0
"http://bankofamerica-unlock-support.ga/account/confirm",1
"https://docs.reddit.com/",0
"https://91.3.82.25/secure/update",1
"http://docs.netflix.com/wiki/Main_Page",0
"https://www.amazon.com/watch?v=abc123",0
"https://mozilla.org/contact",0
"https://www.dropbox.com/wiki/Main_Page",0
"http://instagram-verify-unlock.info/verify",1
"http://chase-login-signin.tk/secure/login.php",1
"https://apple.com/products",0
"http://mail.python.org/news/world",0
"https://api.apple.com/wiki/Main_Page",0
"http://facebook-login-billing.ml/account/confirm",1
"http://67.228.40.16/confirm-identity",1
"https://www.salesforce.com/questions/12345/how-to",0
"http://instagram.unlock-4192.xyz/unlock-account",1
"http://icloud.unlock-6266.xyz/account/confirm",1
"https://api.ebay.com/contact",0
"https://api.wikipedia.org/watch?v=abc123",0
"https://microsoft.billing-6802.ga/login",1
"http://shop.microsoft.com/login",0
"https://docs.reddit.com/products",0
"http://support.oracle.com",0
"http://login-facebook568.xyz/signin?account=verify?email=facebook@mail.com&token=380993&redirect=secure",1
"http://bankofamerica@banking-bankofamerica29.info/unlock-account?email=bankofamerica@mail.com&token=391822&redirect=secure",1
"http://dropbox-billing-webscr.online/login",1
"https://amazon.com/watch?v=abc123",0
"http://login-google299.buzz/login?email=google@mail.com&token=510522&redirect=secure",1
"http://apple.billing-9224.tk/confirm-identity",1
"https://www.netflix.com/",0
"https://docs.mozilla.org/",0
"http://instagram-login-confirm.xyz/billing/update",1
"https://api.paypal.com/user/profile",0
"http://unlock-paypal70.online/webscr?cmd=_login-run?email=paypal@mail.com&token=938098&redirect=secure",1
"http://amazon.unlock-6817.ga/webscr?cmd=_login-run",1
"http://office365-confirm-login.gq/unlock-account",1
"http://chase-account-unlock.ga/secure/login.php",1
"http://wellsfargo-unlock-login.gq/confirm-identity",1
"https://blog.stackoverflow.com/questions/12345/how-to",0
"https://shop.cloudflare.com/",0
"http://dropbox.account-2318.top/signin?account=verify",1
"http://17.73.146.156/secure/update",1
"http://netflix-update-secure.online/secure/update",1
"http://secure-wellsfargo716.click/account/confirm?email=wellsfargo@mail.com&token=837316&redirect=secure",1
"http://apple-account-update.ga/billing/update",1
"http://secure-wellsfargo910.top/account/confirm?email=wellsfargo@mail.com&token=494338&redirect=secure",1
"http://linkedin@verify-linkedin763.gq/webscr?cmd=_login-run?email=linkedin@mail.com&token=902075&redirect=secure",1
"http://192.97.203.5/verify",1
"https://shop.youtube.com/watch?v=abc123",0
"http://support-paypal561.top/verify?email=paypal@mail.com&token=150753&redirect=secure",1
"http://billing-paypal345.cf/login?email=paypal@mail.com&token=796023&redirect=secure",1
"http://store.gitlab.com/search?q=phone",0
"https://store.adobe.com/login",0
"http://83.74.63.113/signin?account=verify",1
"http://wellsfargo@secure-wellsfargo499.gq/confirm-identity?email=wellsfargo@mail.com&token=563742&redirect=secure",1
"http://1.103.157.89/secure/update",1
"http://linkedin-account-secure.xyz/secure/update",1
"https://www.stackoverflow.com/questions/12345/how-to",0
"http://wellsfargo-secure-webscr.cf/billing/update",1
"http://bankofamerica-banking-support.ga/account/confirm",1
"http://facebook@signin-facebook686.xyz/confirm-identity?email=facebook@mail.com&token=330916&redirect=secure",1
"https://blog.microsoft.com/news/world",0
"https://www.stackoverflow.com/about",0
"http://paypal-login-account.online/login",1
"https://mozilla.org/news/world",0
"http://netflix.billing-9129.top/webscr?cmd=_login-run",1
"http://amazon-login-billing.xyz/account/confirm",1
"https://api.youtube.com/pricing",0
"https://75.18.100.134/unlock-account",1
"http://linkedin@banking-linkedin980.top/verify?email=linkedin@mail.com&token=412750&redirect=secure",1
"https://www.facebook.com/products",0
"https://docs.medium.com/",0
"http://apple.unlock-6458.online/signin?account=verify",1
"http://amazon-confirm-signin.gq/webscr?cmd=_login-run",1
"https://blog.nytimes.com/help/articles",0
"https://203.254.177.89/secure/login.php",1
"https://mail.netflix.com/help/articles",0
"https://dropbox-support-account.ga/secure/update",1
"https://api.linkedin.com/questions/12345/how-to",0
"http://secure-dropbox618.tk/login?email=dropbox@mail.com&token=525770&redirect=secure",1
"https://reddit.com/login",0
"http://amazon-secure-webscr.buzz/verify",1
"http://254.28.56.53/confirm-identity",1
"http://update-paypal928.tk/webscr?cmd=_login-run?email=paypal@mail.com&token=249277&redirect=secure",1
"http://145.252.172.25/login",1
"https://medium.com/about",0
"http://dropbox@verify-dropbox29.ml/secure/login.php?email=dropbox@mail.com&token=248305&redirect=secure",1
"https://237.9.116.54/login",1
"http://bankofamerica@account-bankofamerica251.gq/webscr?cmd=_login-run?email=bankofamerica@mail.com&token=762707&redirect=secure",1
"https://www.bbc.co.uk/search?q=phone",0
"http://bankofamerica.support-8568.buzz/unlock-account",1
"https://shop.youtube.com/user/profile",0
"https://api.google.com/about",0
"http://linkedin-verify-login.cf/confirm-identity",1
"https://support.facebook.com/contact",0
"http://apple.secure-4464.ga/secure/update",1
"https://185.5.208.36/signin?account=verify",1
"http://bankofamerica.billing-6958.ml/confirm-identity",1
"https://chase-confirm-update.info/signin?account=verify",1
"https://mail.gitlab.com/about",0
"https://docs.stackoverflow.com/",0
"https://api.netflix.com/",0
"https://reddit.com/wiki/Main_Page",0
"https://blog.adobe.com/products",0
"http://2.149.139.201/billing/update",1
"http://wellsfargo-account-signin.xyz/secure/update",1
"https://92.232.85.1/account/confirm",1
"http://webscr-office365202.ga/signin?account=verify?email=office365@mail.com&token=813989&redirect=secure",1
"http://instagram.account-6622.buzz/signin?account=verify",1
"https://store.amazon.com",0
"http://70.49.13.155/secure/login.php",1
"http://wellsfargo.login-4828.buzz/webscr?cmd=_login-run",1
"http://67.222.65.148/login",1
"http://158.175.248.63/login",1
"https://support.twitter.com/search?q=phone",0
"http://apple.verify-4281.xyz/secure/update",1
"https://blog.google.com/pricing",0
"http://icloud-login-login.gq/unlock-account",1
"https://facebook.unlock-2204.info/login",1
"http://amazon-banking-secure.ga/login",1
"https://docs.linkedin.com/watch?v=abc123",0
"http://ebay-update-webscr.xyz/billing/update",1
"https://store.gitlab.com/products",0
"https://www.ebay.com/user/profile",0
"http://netflix-unlock-update.click/login",1
"https://store.salesforce.com/about",0
"https://blog.paypal.com/contact",0
"https://www.atlassian.com/help/articles",0
"http://chase-verify-verify.top/secure/update",1
"https://store.reddit.com/help/articles",0
"http://unlock-instagram32.xyz/unlock-account?email=instagram@mail.com&token=738282&redirect=secure",1
"https://wellsfargo.webscr-8190.tk/login",1
"https://store.youtube.com/user/profile",0
"http://store.github.com/contact",0
"https://mail.dropbox.com/watch?v=abc123",0
"https://chase@signin-chase594.top/secure/login.php?email=chase@mail.com&token=124425&redirect=secure",1
"http://181.232.49.172/unlock-account",1
"http://42.54.202.160/billing/update",1
"http://banking-amazon947.xyz/billing/update?email=amazon@mail.com&token=242309&redirect=secure",1
"https://blog.ibm.com/contact",0
"http://ebay-support-account.gq/secure/login.php",1
"https://support.youtube.com/watch?v=abc123",0
"https://linkedin-unlock-unlock.online/secure/update",1
"http://login-icloud258.ml/account/confirm?email=icloud@mail.com&token=838164&redirect=secure",1
"http://48.246.25.128/verify",1
"http://amazon-account-banking.gq/unlock-account",1
"http://docs.spotify.com/questions/12345/how-to",0
"https://support.nytimes.com/watch?v=abc123",0
"https://docs.wikipedia.org/contact",0
"https://api.bbc.co.uk/pricing",0
"http://icloud.webscr-320.buzz/verify",1
"https://docs.paypal.com/search?q=phone",0
"https://support.wikipedia.org/pricing",0
"https://dropbox.com/wiki/Main_Page",0
"http://netflix@billing-netflix485.cf/verify?email=netflix@mail.com&token=929513&redirect=secure",1
"https://store.twitter.com/login",0
"http://blog.adobe.com/about",0
"http://update-icloud261.info/confirm-identity?email=icloud@mail.com&token=944168&redirect=secure",1
"https://docs.oracle.com/user/profile",0
"http://login-paypal406.buzz/verify?email=paypal@mail.com&token=561941&redirect=secure",1
"http://apple.signin-8680.buzz/unlock-account",1
"http://linkedin-billing-signin.buzz/confirm-identity",1
"http://254.196.83.187/unlock-account",1
"https://dropbox.secure-2715.ga/login",1
"http://apple-billing-banking.info/secure/login.php",1
"https://office365.account-7682.ml/confirm-identity",1
"http://office365@banking-office36573.ga/confirm-identity?email=office365@mail.com&token=427462&redirect=secure",1
"https://mail.wikipedia.org/about",0
"http://amazon-support-update.info/secure/update",1
"http://google-unlock-confirm.ga/account/confirm",1
"http://office365-support-support.buzz/signin?account=verify",1
"http://205.161.252.53/webscr?cmd=_login-run",1
"http://netflix-confirm-unlock.top/webscr?cmd=_login-run",1
"https://store.mozilla.org",0
"https://stackoverflow.com/wiki/Main_Page",0
"http://office365.billing-318.buzz/secure/update",1
"https://store.youtube.com/help/articles",0
"http://blog.apple.com/pricing",0
"http://google-verify-billing.online/confirm-identity",1
"https://blog.nytimes.com/login",0
"http://unlock-netflix216.online/webscr?cmd=_login-run?email=netflix@mail.com&token=692993&redirect=secure",1
"https://store.medium.com/contact",0
"https://blog.bitbucket.org/contact",0
"https://www.instagram.com/login",0
"https://docs.ibm.com/products",0
"http://google-support-signin.top/webscr?cmd=_login-run",1
"https://icloud-verify-banking.xyz/login",1
"https://store.github.com/login",0
"https://webscr-apple396.click/secure/login.php?email=apple@mail.com&token=454592&redirect=secure",1
"http://29.73.92.199/secure/login.php",1
"http://138.159.188.193/secure/update",1
"http://172.197.10.104/unlock-account",1
"https://www.bitbucket.org/help/articles",0
"https://shop.atlassian.com/pricing",0
"http://243.131.67.237/signin?account=verify",1
"https://blog.apple.com/",0
"http://support.facebook.com/help/articles",0
"https://wikipedia.org/products",0
"https://api.mozilla.org",0
"http://shop.github.com/contact",0
"http://paypal.signin-376.info/secure/login.php",1
"https://www.reddit.com/pricing",0
"http://google@confirm-google47.ga/confirm-identity?email=google@mail.com&token=478898&redirect=secure",1
"http://dropbox-banking-webscr.xyz/secure/update",1
"https://shop.oracle.com/news/world",0
"https://support.salesforce.com/search?q=phone",0
"https://linkedin@confirm-linkedin396.online/webscr?cmd=_login-run?email=linkedin@mail.com&token=863503&redirect=secure",1
"http://amazon-confirm-secure.online/confirm-identity",1
"https://api.bitbucket.org/user/profile",0
"https://docs.gitlab.com/watch?v=abc123",0
"https://blog.medium.com/user/profile",0
"https://support.nytimes.com/news/world",0
"http://instagram-confirm-banking.xyz/webscr?cmd=_login-run",1
"https://store.spotify.com/pricing",0
"https://www.medium.com/user/profile",0
"http://245.126.65.123/signin?account=verify",1
"https://www.mozilla.org/products",0
"http://chase-support-verify.cf/webscr?cmd=_login-run",1
"https://support.youtube.com/wiki/Main_Page",0
"http://dropbox-account-update.cf/verify",1
"https://docs.spotify.com/",0
"http://mail.wikipedia.org/contact",0
"http://145.176.29.254/billing/update",1
"https://python.org/watch?v=abc123",0
"https://shop.netflix.com/contact",0
"https://www.google.com",0
"http://ebay.secure-7794.top/verify",1
"http://linkedin.webscr-8401.xyz/billing/update",1
"https://store.instagram.com/",0
"http://paypal@unlock-paypal310.info/secure/update?email=paypal@mail.com&token=564328&redirect=secure",1
"https://docs.paypal.com/watch?v=abc123",0
"http://office365.unlock-1379.top/verify",1
"http://dropbox.login-4969.gq/confirm-identity",1
"https://store.cnn.com/wiki/Main_Page",0
"https://api.bbc.co.uk",0
"http://bankofamerica@billing-bankofamerica760.cf/unlock-account?email=bankofamerica@mail.com&token=997737&redirect=secure",1
"https://bitbucket.org/search?q=phone",0
"https://172.223.2.42/signin?account=verify",1
"https://mail.atlassian.com/about",0
"https://google.login-3942.gq/confirm-identity",1
"http://netflix-support-account.tk/verify",1
"https://api.youtube.com/products",0
"https://instagram.com/user/profile",0
"http://112.214.47.119/confirm-identity",1
"http://dropbox.unlock-3100.ml/verify",1
"https://19.126.94.16/confirm-identity",1
"http://linkedin.update-7879.ml/billing/update",1
"http://stackoverflow.com/products",0
"https://www.spotify.com/login",0
"http://mail.mozilla.org/news/world",0
"https://office365.login-1953.tk/secure/update",1
"http://banking-dropbox403.cf/verify?email=dropbox@mail.com&token=488988&redirect=secure",1
"https://support.oracle.com/contact",0
"https://api.facebook.com/watch?v=abc123",0
"http://www.netflix.com/news/world",0
"https://mail.wikipedia.org/wiki/Main_Page",0
"https://store.reddit.com",0
"https://store.ibm.com/contact",0
"http://apple.unlock-4530.click/secure/login.php",1
"http://dropbox@confirm-dropbox688.ga/account/confirm?email=dropbox@mail.com&token=845469&redirect=secure",1
"http://microsoft-billing-verify.tk/confirm-identity",1
"http://230.43.84.168/unlock-account",1
"http://165.132.69.74/confirm-identity",1
"http://icloud.verify-8348.online/secure/login.php",1
"http://www.atlassian.com/user/profile",0
"https://support.cnn.com/questions/12345/how-to",0
"http://microsoft-update-webscr.ga/webscr?cmd=_login-run",1
"https://support.oracle.com/wiki/Main_Page",0
"https://www.python.org/contact",0
"https://linkedin-banking-banking.xyz/secure/update",1
"https://dropbox.com/products",0
"http://wellsfargo-secure-login.gq/secure/update",1
"http://134.40.160.204/secure/update",1
"http://250.62.14.210/unlock-account",1
"http://unlock-chase679.buzz/account/confirm?email=chase@mail.com&token=303261&redirect=secure",1
"http://support.stackoverflow.com/help/articles",0
"http://53.100.147.225/login",1
"https://blog.google.com/about",0
"https://mail.salesforce.com/",0
"http://242.232.45.234/secure/update",1
"https://www.github.com",0
"http://office365-account-account.gq/account/confirm",1
"https://mail.ibm.com/login",0
"https://support.mozilla.org/help/articles",0
"http://signin-amazon72.gq/billing/update?email=amazon@mail.com&token=311539&redirect=secure",1
"http://paypal@webscr-paypal778.info/confirm-identity?email=paypal@mail.com&token=385502&redirect=secure",1
"https://support.medium.com/pricing",0
"http://docs.github.com/login",0
"https://docs.salesforce.com/login",0
"http://1.6.149.245/verify",1
"http://mail.nytimes.com/",0
"http://wellsfargo.unlock-2419.click/signin?account=verify",1
"https://blog.cnn.com/user/profile",0
"https://ibm.com",0
"https://shop.github.com/wiki/Main_Page",0
"https://store.spotify.com/wiki/Main_Page",0
"https://dropbox.unlock-6588.ml/confirm-identity",1
"http://microsoft.billing-954.buzz/account/confirm",1
"http://banking-office36520.xyz/secure/login.php?email=office365@mail.com&token=778148&redirect=secure",1
"https://196.253.92.117/billing/update",1
"https://api.instagram.com/search?q=phone",0
"http://bankofamerica@billing-bankofamerica978.ga/unlock-account?email=bankofamerica@mail.com&token=742746&redirect=secure",1
"https://docs.google.com/help/articles",0
"http://121.250.214.40/verify",1
"http://178.221.19.247/unlock-account",1
"http://55.169.248.165/account/confirm",1
"https://instagram-login-banking.buzz/secure/login.php",1
"http://207.234.189.203/login",1
"https://apple.confirm-769.xyz/secure/update",1
"http://paypal.account-1916.ga/billing/update",1
"http://20.181.65.7/unlock-account",1
"https://chase-verify-update.cf/account/confirm",1
"https://support.cloudflare.com/",0
"http://254.181.66.215/secure/update",1
"https://docs.ebay.com/",0
"https://api.salesforce.com/wiki/Main_Page",0
"https://store.python.org/about",0
"https://mail.instagram.com/watch?v=abc123",0
"http://linkedin@webscr-linkedin451.ml/webscr?cmd=_login-run?email=linkedin@mail.com&token=240156&redirect=secure",1
"https://blog.reddit.com/watch?v=abc123",0
"http://linkedin.banking-1574.cf/webscr?cmd=_login-run",1
"https://mail.github.com/news/world",0
"http://wellsfargo.secure-2920.gq/secure/update",1
"http://219.24.5.170/login",1
"https://www.apple.com/wiki/Main_Page",0
"http://bankofamerica.webscr-4761.tk/secure/update",1
"https://shop.ibm.com",0
"http://netflix.banking-2214.xyz/login",1
"https://blog.ibm.com/wiki/Main_Page",0
"https://support.python.org/about",0
"https://www.instagram.com/products",0
"http://facebook-update-login.cf/account/confirm",1
"http://2.161.40.62/confirm-identity",1
"https://store.twitter.com",0
"http://194.72.43.118/billing/update",1
"https://mail.spotify.com/news/world",0
"https://office365-support-billing.xyz/account/confirm",1
"http://blog.atlassian.com/wiki/Main_Page",0
"https://mail.amazon.com/products",0
"http://ebay.secure-7044.buzz/secure/update",1
"http://124.168.130.236/account/confirm",1
"http://155.84.88.225/verify",1
"https://blog.twitter.com/search?q=phone",0
"http://dropbox.update-1798.online/billing/update",1
"http://www.reddit.com/",0
"http://icloud-confirm-account.top/secure/login.php",1
"http://apple@login-apple440.top/billing/update?email=apple@mail.com&token=403769&redirect=secure",1
"https://www.spotify.com/wiki/Main_Page",0
"http://icloud-billing-support.buzz/confirm-identity",1
"http://250.245.245.93/verify",1
"https://blog.salesforce.com/watch?v=abc123",0
"https://atlassian.com/login",0
"http://shop.dropbox.com/search?q=phone",0
"https://blog.amazon.com/user/profile",0
"https://www.github.com/wiki/Main_Page",0
"http://dropbox-login-banking.click/secure/update",1
"https://store.wikipedia.org/questions/12345/how-to",0
"https://mail.nytimes.com/news/world",0
"http://shop.bbc.co.uk/contact",0
"https://support.instagram.com/pricing",0
"http://microsoft.unlock-1825.tk/billing/update",1
"https://support.linkedin.com/news/world",0
"http://ebay.account-5295.online/signin?account=verify",1
"http://bankofamerica.secure-270.buzz/confirm-identity",1
"http://2.197.9.71/secure/update",1
"https://linkedin.com/pricing",0
"https://api.python.org/contact",0
"https://docs.bitbucket.org",0
"http://office365.billing-5447.ml/login",1
"https://mail.apple.com/products",0
"https://www.youtube.com/about",0
"https://support.reddit.com/products",0
"http://184.250.4.187/unlock-account",1
"https://support.bitbucket.org/pricing",0
"https://mail.apple.com/news/world",0
"http://bankofamerica.webscr-6621.buzz/confirm-identity",1
"https://api.facebook.com",0
"https://paypal-support-signin.tk/account/confirm",1
"http://9.254.82.60/account/confirm",1
"https://mail.gitlab.com/search?q=phone",0
"https://www.github.com/search?q=phone",0
"https://microsoft-banking-confirm.gq/login",1
"https://wellsfargo-verify-account.gq/unlock-account",1
"https://blog.reddit.com/pricing",0
"https://dropbox.verify-2082.top/secure/update",1
"https://blog.atlassian.com/watch?v=abc123",0
"http://facebook-billing-support.info/unlock-account",1
"http://webscr-icloud824.xyz/account/confirm?email=icloud@mail.com&token=915768&redirect=secure",1
"https://chase-account-secure.xyz/secure/login.php",1
"https://store.ibm.com/questions/12345/how-to",0
"http://microsoft.webscr-6901.ml/account/confirm",1
"https://support.atlassian.com/contact",0
"http://office365.unlock-7810.info/webscr?cmd=_login-run",1
"http://confirm-facebook57.info/webscr?cmd=_login-run?email=facebook@mail.com&token=756166&redirect=secure",1
"http://icloud.support-7720.info/unlock-account",1
"https://bitbucket.org/wiki/Main_Page",0
"https://docs.nytimes.com/contact",0
"http://25.134.226.22/webscr?cmd=_login-run",1
"https://docs.spotify.com/pricing",0
"http://dropbox.billing-6332.top/confirm-identity",1
"http://226.68.119.52/billing/update",1
"http://facebook-confirm-support.click/confirm-identity",1
"https://mail.netflix.com/pricing",0
"https://icloud@support-icloud140.ml/verify?email=icloud@mail.com&token=455468&redirect=secure",1
"https://www.github.com/login",0
"http://246.107.33.197/unlock-account",1
"https://amazon.com/news/world",0
"http://118.248.132.11/login",1
"https://docs.python.org/pricing",0
"http://44.42.24.28/login",1
"http://bankofamerica.signin-8861.xyz/login",1
"https://icloud.billing-5332.top/verify",1
"http://apple.login-6309.info/billing/update",1
"http://instagram.secure-1548.buzz/verify",1
"http://wellsfargo@confirm-wellsfargo668.tk/login?email=wellsfargo@mail.com&token=944481&redirect=secure",1
"http://google-signin-login.cf/billing/update",1
"http://183.149.107.130/secure/update",1
"https://instagram.com/about",0
"http://153.100.90.162/verify",1
"http://ebay-secure-billing.ga/secure/login.php",1
"https://store.microsoft.com/",0
"http://8.118.246.87/billing/update",1
"http://store.mozilla.org/questions/12345/how-to",0
"http://support.medium.com/search?q=phone",0
"https://api.adobe.com/search?q=phone",0
"http://www.microsoft.com/pricing",0
"https://mail.spotify.com/login",0
"https://api.python.org/pricing",0
"https://docs.netflix.com/user/profile",0
"http://secure-ebay570.cf/secure/update?email=ebay@mail.com&token=656366&redirect=secure",1
"http://paypal.confirm-9934.click/unlock-account",1
"https://atlassian.com/wiki/Main_Page",0
"http://verify-apple459.ml/secure/update?email=apple@mail.com&token=399332&redirect=secure",1
"http://234.250.63.211/signin?account=verify",1
"https://facebook.account-6482.gq/login",1
"http://facebook-banking-signin.gq/signin?account=verify",1
"https://support.twitter.com/news/world",0
"http://netflix.webscr-8364.xyz/account/confirm",1
"http://update-icloud701.gq/billing/update?email=icloud@mail.com&token=748269&redirect=secure",1
"http://shop.ibm.com/search?q=phone",0
"https://apple@account-apple942.online/secure/login.php?email=apple@mail.com&token=217358&redirect=secure",1
"http://facebook-support-update.cf/account/confirm",1
"https://api.ibm.com/search?q=phone",0
"https://docs.microsoft.com/help/articles",0
"https://api.cloudflare.com/search?q=phone",0
"https://support.facebook.com/wiki/Main_Page",0
"http://7.78.23.105/account/confirm",1
"https://amazon-webscr-support.online/unlock-account",1
"http://microsoft-webscr-banking.online/secure/update",1
"http://instagram-webscr-secure.ga/confirm-identity",1
"http://login-bankofamerica153.top/signin?account=verify?email=bankofamerica@mail.com&token=500056&redirect=secure",1
"http://www.spotify.com/questions/12345/how-to",0
"http://microsoft-billing-verify.cf/account/confirm",1
"https://support.bitbucket.org/about",0
"http://apple.verify-337.info/billing/update",1
"https://blog.gitlab.com/",0
"https://mail.linkedin.com/pricing",0
"http://215.207.51.84/secure/update",1
"http://secure-paypal62.online/secure/login.php?email=paypal@mail.com&token=545147&redirect=secure",1
"http://webscr-facebook59.gq/verify?email=facebook@mail.com&token=252305&redirect=secure",1
"http://bankofamerica-banking-signin.gq/verify",1
"https://apple.com/",0
"https://blog.github.com/user/profile",0
"https://docs.wikipedia.org/pricing",0
"https://cnn.com",0
"http://chase.verify-4229.ml/billing/update",1
"http://5.5.245.94/verify",1
"https://api.stackoverflow.com/products",0
"https://mail.salesforce.com/contact",0
"https://atlassian.com/user/profile",0
"http://221.43.240.48/secure/login.php",1
"http://facebook.webscr-396.cf/unlock-account",1
"https://shop.ibm.com/login",0
"https://store.google.com/login",0
"http://105.103.1.68/webscr?cmd=_login-run",1
"http://chase.account-2787.buzz/login",1
"https://www.bbc.co.uk",0
"http://instagram@verify-instagram474.online/secure/update?email=instagram@mail.com&token=834752&redirect=secure",1
"http://25.65.177.254/account/confirm",1
"http://microsoft-update-support.online/webscr?cmd=_login-run",1
"https://shop.paypal.com/",0
"https://store.atlassian.com/login",0
"http://google.billing-611.online/billing/update",1
"http://store.google.com/user/profile",0
"https://www.linkedin.com/help/articles",0
"https://mail.youtube.com/wiki/Main_Page",0
"https://support.github.com/login",0
"https://mail.nytimes.com/login",0
"https://shop.spotify.com/wiki/Main_Page",0
"https://mail.microsoft.com/pricing",0
"https://blog.youtube.com/user/profile",0
"https://blog.instagram.com/contact",0
"https://api.google.com/pricing",0
"http://wellsfargo.signin-288.online/webscr?cmd=_login-run",1
"http://apple.billing-7132.info/secure/login.php",1
"http://ebay.login-9575.ml/confirm-identity",1
"http://188.99.5.40/webscr?cmd=_login-run",1
"http://18.24.9.238/login",1
"https://api.linkedin.com/pricing",0
"https://paypal.com/questions/12345/how-to",0
"http://200.179.230.62/webscr?cmd=_login-run",1
"https://support.bbc.co.uk/user/profile",0
"http://203.166.70.148/billing/update",1
"http://facebook@login-facebook264.cf/secure/update?email=facebook@mail.com&token=226370&redirect=secure",1
"https://blog.ibm.com/login",0
"https://shop.github.com/about",0
"http://linkedin.update-9654.info/webscr?cmd=_login-run",1
"http://76.216.102.1/login",1
"http://ebay-account-login.info/account/confirm",1
"https://ebay.webscr-9273.buzz/secure/update",1
"https://blog.salesforce.com/help/articles",0
"https://docs.stackoverflow.com/login",0
"https://api.linkedin.com/user/profile",0
"https://ibm.com/questions/12345/how-to",0
"https://store.twitter.com/news/world",0
"http://chase@confirm-chase102.cf/signin?account=verify?email=chase@mail.com&token=557068&redirect=secure",1
"http://chase.unlock-9486.tk/secure/update",1
"http://224.21.233.92/webscr?cmd=_login-run",1
"https://api.ebay.com/wiki/Main_Page",0
"http://147.58.158.117/verify",1
"http://dropbox@webscr-dropbox948.click/verify?email=dropbox@mail.com&token=353153&redirect=secure",1
"http://confirm-wellsfargo295.xyz/webscr?cmd=_login-run?email=wellsfargo@mail.com&token=449193&redirect=secure",1
"https://spotify.com/",0
"https://132.156.125.184/signin?account=verify",1
"http://netflix-banking-webscr.ml/confirm-identity",1
"https://bankofamerica-banking-update.ml/unlock-account",1
"http://netflix.secure-741.top/unlock-account",1
"https://store.gitlab.com/login",0
"https://mail.github.com/about",0
"https://api.salesforce.com/help/articles",0
"http://netflix-banking-update.buzz/webscr?cmd=_login-run",1
"https://blog.atlassian.com/about",0
"https://api.mozilla.org/watch?v=abc123",0
"https://shop.twitter.com/news/world",0
"https://store.atlassian.com/wiki/Main_Page",0
"http://amazon.billing-1999.tk/unlock-account",1
"http://netflix.account-7352.info/confirm-identity",1
"https://blog.microsoft.com/user/profile",0
"https://docs.spotify.com/questions/12345/how-to",0
"https://microsoft.com/wiki/Main_Page",0
"http://unlock-ebay43.xyz/signin?account=verify?email=ebay@mail.com&token=552378&redirect=secure",1
"http://chase-webscr-billing.tk/webscr?cmd=_login-run",1
"https://api.apple.com",0
"http://microsoft-login-login.xyz/secure/update",1
"http://chase.unlock-6715.gq/webscr?cmd=_login-run",1
"http://confirm-paypal994.ga/webscr?cmd=_login-run?email=paypal@mail.com&token=238424&redirect=secure",1
"http://wellsfargo-confirm-billing.ml/webscr?cmd=_login-run",1
"http://login-dropbox114.tk/secure/login.php?email=dropbox@mail.com&token=912555&redirect=secure",1
"http://icloud-billing-update.top/login",1
"https://support.atlassian.com",0
"http://linkedin@support-linkedin677.info/secure/update?email=linkedin@mail.com&token=621644&redirect=secure",1
"http://store.netflix.com/questions/12345/how-to",0
"http://bankofamerica-billing-update.buzz/verify",1
"http://facebook.login-4306.ga/billing/update",1
"http://icloud@signin-icloud620.online/webscr?cmd=_login-run?email=icloud@mail.com&token=233011&redirect=secure",1
"https://www.cloudflare.com/watch?v=abc123",0
"https://shop.github.com/search?q=phone",0
"https://linkedin@webscr-linkedin896.click/secure/login.php?email=linkedin@mail.com&token=914080&redirect=secure",1
"https://mail.adobe.com/news/world",0
"https://support.spotify.com/pricing",0
"http://linkedin@secure-linkedin817.cf/login?email=linkedin@mail.com&token=851356&redirect=secure",1
"http://signin-icloud681.xyz/secure/login.php?email=icloud@mail.com&token=606638&redirect=secure",1
"https://paypal.unlock-1930.cf/confirm-identity",1
"https://shop.apple.com/help/articles",0
"http://api.dropbox.com/products",0
"https://mail.amazon.com/search?q=phone",0
"http://6.23.138.30/verify",1
"https://store.linkedin.com/",0
"https://docs.ibm.com/login",0
"https://shop.atlassian.com/help/articles",0
"https://docs.linkedin.com/products",0
"http://icloud-update-confirm.cf/secure/login.php",1
"https://store.youtube.com/",0
"https://medium.com/help/articles",0
"https://microsoft.signin-4024.buzz/webscr?cmd=_login-run",1
"http://141.131.244.117/confirm-identity",1
"http://191.158.13.172/billing/update",1
"https://docs.wikipedia.org/wiki/Main_Page",0
"https://support.wikipedia.org/help/articles",0
"https://store.dropbox.com/user/profile",0
"http://instagram.verify-1302.ga/account/confirm",1
"http://ebay.secure-5502.cf/confirm-identity",1
"https://api.google.com/news/world",0
"http://45.37.232.127/webscr?cmd=_login-run",1
"http://netflix@banking-netflix162.xyz/account/confirm?email=netflix@mail.com&token=223815&redirect=secure",1
"http://linkedin-account-confirm.buzz/webscr?cmd=_login-run",1
"https://support.dropbox.com/pricing",0
"https://65.46.13.76/unlock-account",1
"http://109.216.45.243/confirm-identity",1
"http://174.242.110.66/signin?account=verify",1
"https://netflix.unlock-9419.top/signin?account=verify",1
"https://shop.ibm.com/about",0
"https://adobe.com/products",0
"https://api.gitlab.com/pricing",0
"http://unlock-instagram264.xyz/secure/login.php?email=instagram@mail.com&token=818080&redirect=secure",1
"http://ebay-banking-account.ga/signin?account=verify",1
"http://icloud.unlock-5653.ga/verify",1
"http://support.bitbucket.org/",0
"http://153.89.185.103/verify",1
"http://48.1.121.35/unlock-account",1
"http://icloud-support-signin.ga/account/confirm",1
"https://shop.github.com/products",0
"https://facebook.com/",0
"https://reddit.com/pricing",0
"http://icloud-webscr-unlock.click/verify",1
"https://blog.twitter.com/products",0
"http://webscr-facebook237.xyz/account/confirm?email=facebook@mail.com&token=452240&redirect=secure",1
"http://netflix-support-verify.ga/secure/update",1
"http://121.53.165.189/secure/update",1
"https://mail.reddit.com/help/articles",0
"http://blog.cloudflare.com/products",0
"http://icloud.account-744.xyz/secure/update",1
"http://amazon-banking-banking.top/unlock-account",1
"https://blog.twitter.com/login",0
"http://facebook-update-confirm.buzz/unlock-account",1
"https://www.cloudflare.com/news/world",0
"http://bankofamerica-verify-account.info/billing/update",1
"http://dropbox.billing-2422.buzz/billing/update",1
"https://docs.nytimes.com/products",0
"https://support.google.com/wiki/Main_Page",0
"https://amazon-verify-webscr.ga/webscr?cmd=_login-run",1
"https://docs.adobe.com/questions/12345/how-to",0
"https://mail.google.com/watch?v=abc123",0
"http://168.193.1.22/account/confirm",1
"https://blog.bitbucket.org/help/articles",0
"http://google@signin-google908.info/billing/update?email=google@mail.com&token=469687&redirect=secure",1
"http://amazon-unlock-account.online/secure/update",1
"https://blog.dropbox.com/login",0
"http://dropbox-update-signin.info/signin?account=verify",1
"http://wellsfargo-confirm-support.click/secure/update",1
"http://dropbox.verify-222.gq/secure/login.php",1
"http://chase.webscr-4725.ga/webscr?cmd=_login-run",1
"http://200.165.112.80/verify",1
"https://store.youtube.com/pricing",0
"http://102.177.51.66/account/confirm",1
"http://instagram.account-1964.top/secure/update",1
"https://store.salesforce.com/watch?v=abc123",0
"https://docs.apple.com/help/articles",0
"https://mail.adobe.com/watch?v=abc123",0
"https://blog.cloudflare.com/products",0
"https://store.linkedin.com/login",0
"http://ebay@banking-ebay569.cf/login?email=ebay@mail.com&token=723525&redirect=secure",1
"http://signin-apple463.xyz/secure/update?email=apple@mail.com&token=159751&redirect=secure",1
"http://184.186.39.238/signin?account=verify",1
"http://101.236.210.41/unlock-account",1
"http://dropbox.signin-788.top/login",1
"https://blog.cloudflare.com/pricing",0
"http://shop.twitter.com/user/profile",0
"https://store.paypal.com/contact",0
"http://netflix-unlock-secure.tk/secure/update",1
"https://www.ebay.com/products",0
"https://store.reddit.com/login",0
"http://netflix@login-netflix166.click/verify?email=netflix@mail.com&token=336610&redirect=secure",1
"http://office365.billing-5750.ml/login",1
"http://secure-microsoft432.xyz/billing/update?email=microsoft@mail.com&token=288777&redirect=secure",1
"https://support.cnn.com/search?q=phone",0
"https://medium.com/products",0
"https://adobe.com/user/profile",0
"https://api.ebay.com/news/world",0
"https://paypal-signin-confirm.tk/confirm-identity",1
"https://mail.twitter.com/search?q=phone",0
"https://docs.wikipedia.org/watch?v=abc123",0
"https://blog.dropbox.com/pricing",0
"https://blog.stackoverflow.com/products",0
"https://apple-confirm-confirm.top/billing/update",1
"http://chase@verify-chase879.cf/secure/login.php?email=chase@mail.com&token=931324&redirect=secure",1
"https://shop.stackoverflow.com/",0
"http://bankofamerica-banking-update.gq/account/confirm",1
"http://icloud-login-confirm.ga/billing/update",1
"https://support.facebook.com/search?q=phone",0
"http://instagram.unlock-6371.ga/account/confirm",1
"https://docs.github.com/help/articles",0
"http://support-microsoft60.tk/unlock-account?email=microsoft@mail.com&token=508381&redirect=secure",1
"http://icloud-confirm-unlock.buzz/secure/update",1
"http://35.90.68.202/unlock-account",1
"https://api.wikipedia.org/questions/12345/how-to",0
"http://blog.twitter.com/watch?v=abc123",0
"https://api.mozilla.org/search?q=phone",0
"https://store.youtube.com/contact",0
"https://mail.instagram.com",0
"https://shop.bitbucket.org/watch?v=abc123",0
"https://245.210.75.87/account/confirm",1
"https://microsoft.com/login",0
"http://office365.confirm-884.info/secure/login.php",1
"http://shop.instagram.com",0
"http://www.nytimes.com/search?q=phone",0
"http://74.215.221.217/confirm-identity",1
"http://docs.amazon.com/",0
"http://apple-verify-unlock.info/verify",1
"https://google-billing-banking.top/confirm-identity",1
"https://blog.bbc.co.uk/user/profile",0
"http://linkedin-account-webscr.top/signin?account=verify",1
"https://icloud.banking-6354.top/login",1
"https://store.spotify.com/news/world",0
"http://bankofamerica-webscr-verify.gq/confirm-identity",1
"http://support.spotify.com/products",0
"http://netflix-support-confirm.gq/signin?account=verify",1
"http://191.207.195.237/secure/login.php",1
"https://www.ibm.com/help/articles",0
"http://support-facebook641.online/secure/login.php?email=facebook@mail.com&token=922513&redirect=secure",1
"https://shop.cloudflare.com/contact",0
"http://ebay-verify-banking.gq/secure/update",1
"https://google.com/products",0
"http://facebook-confirm-unlock.ml/billing/update",1
"http://228.253.9.42/account/confirm",1
"https://account-bankofamerica966.click/verify?email=bankofamerica@mail.com&token=454688&redirect=secure",1
"http://icloud-account-account.ga/webscr?cmd=_login-run",1
"https://shop.mozilla.org/contact",0
"http://84.33.175.186/secure/update",1
"https://blog.linkedin.com/wiki/Main_Page",0
"https://store.medium.com",0
"https://bitbucket.org/watch?v=abc123",0
"http://amazon.update-3564.ml/secure/login.php",1
"https://mail.youtube.com/questions/12345/how-to",0
"http://ebay.webscr-1309.click/signin?account=verify",1
"http://chase@secure-chase370.ga/unlock-account?email=chase@mail.com&token=998792&redirect=secure",1
"http://linkedin.verify-1136.online/secure/login.php",1
"https://blog.dropbox.com/",0
"https://blog.bbc.co.uk/news/world",0
"https://blog.linkedin.com/watch?v=abc123",0
"http://155.25.127.244/confirm-identity",1
"https://support.microsoft.com/login",0
"https://cnn.com/login",0
"http://194.99.215.214/verify",1
"https://chase.verify-9842.gq/unlock-account",1
"https://www.cnn.com/pricing",0
"https://docs.apple.com/",0
"https://amazon-signin-confirm.online/secure/login.php",1
"http://102.219.123.110/secure/login.php",1
"https://mail.medium.com/about",0
"https://shop.google.com/news/world",0
"http://unlock-apple177.gq/secure/login.php?email=apple@mail.com&token=394421&redirect=secure",1
"https://mail.bbc.co.uk/questions/12345/how-to",0
"http://www.apple.com/",0
"https://bitbucket.org/help/articles",0
"https://blog.stackoverflow.com/wiki/Main_Page",0
"https://paypal.com/products",0
"https://www.microsoft.com/user/profile",0
"https://shop.cnn.com",0
"https://support.stackoverflow.com/login",0
"https://blog.microsoft.com/about",0
"https://bankofamerica.webscr-3107.tk/signin?account=verify",1
"http://instagram.login-4327.ml/webscr?cmd=_login-run",1
"http://apple.account-8408.top/unlock-account",1
"https://blog.stackoverflow.com/help/articles",0
"https://support.python.org/",0
"http://92.119.119.227/signin?account=verify",1
"http://paypal-support-verify.xyz/login",1
"http://35.196.9.224/unlock-account",1
"https://docs.github.com/user/profile",0
"http://paypal.account-1675.online/secure/update",1
"http://206.35.166.214/billing/update",1
"https://www.ebay.com/help/articles",0
"https://mail.cloudflare.com/user/profile",0
"http://linkedin-signin-update.top/billing/update",1
"https://api.apple.com/contact",0
"http://138.109.113.205/signin?account=verify",1
"http://bankofamerica.secure-4941.ml/billing/update",1
"https://www.ebay.com/wiki/Main_Page",0
"https://blog.amazon.com/products",0
"http://69.239.192.212/billing/update",1
"https://mail.github.com/search?q=phone",0
"http://signin-wellsfargo315.buzz/login?email=wellsfargo@mail.com&token=339359&redirect=secure",1
"https://support.google.com",0
"https://api.dropbox.com/login",0
"https://instagram-banking-unlock.online/account/confirm",1
"https://support.facebook.com/news/world",0
"https://www.reddit.com",0
"http://instagram.support-5021.xyz/secure/login.php",1
"http://200.22.248.55/unlock-account",1
"http://bankofamerica@banking-bankofamerica216.cf/secure/update?email=bankofamerica@mail.com&token=963724&redirect=secure",1
"http://microsoft-verify-confirm.xyz/account/confirm",1
"http://dropbox.unlock-6637.online/signin?account=verify",1
"https://support.apple.com/news/world",0
"https://mail.cnn.com/questions/12345/how-to",0
"http://apple.confirm-5216.ga/login",1
"https://mail.medium.com/watch?v=abc123",0
"http://secure-chase912.ga/secure/login.php?email=chase@mail.com&token=966945&redirect=secure",1
"https://api.bbc.co.uk/contact",0
"http://office365.secure-6275.click/account/confirm",1
"http://verify-netflix802.ml/secure/login.php?email=netflix@mail.com&token=788645&redirect=secure",1
"https://api.youtube.com/wiki/Main_Page",0
"https://amazon-update-confirm.ml/secure/login.php",1
"https://chase-banking-support.online/secure/update",1
"https://api.spotify.com/help/articles",0
"https://shop.spotify.com/watch?v=abc123",0
"https://www.instagram.com/wiki/Main_Page",0
"https://api.facebook.com/pricing",0
"https://shop.atlassian.com/wiki/Main_Page",0
"https://office365-account-billing.info/signin?account=verify",1
"https://mail.bitbucket.org/questions/12345/how-to",0
"https://store.oracle.com/search?q=phone",0
"https://store.paypal.com/user/profile",0
"http://wellsfargo-support-login.click/unlock-account",1
"https://www.youtube.com/watch?v=abc123",0
"https://netflix-signin-login.ml/unlock-account",1
"https://www.atlassian.com/products",0
"http://wellsfargo-unlock-verify.ml/verify",1
"https://support.instagram.com/login",0
"https://api.reddit.com/pricing",0
"https://mail.python.org/pricing",0
"https://blog.amazon.com/watch?v=abc123",0
"http://facebook-banking-signin.click/secure/login.php",1
"http://paypal@signin-paypal630.info/verify?email=paypal@mail.com&token=804001&redirect=secure",1
"https://facebook.com/questions/12345/how-to",0
"https://blog.microsoft.com/contact",0
"http://support-microsoft194.tk/secure/login.php?email=microsoft@mail.com&token=321059&redirect=secure",1
"https://www.mozilla.org/wiki/Main_Page",0
"https://docs.cloudflare.com/",0
"http://spotify.com/pricing",0
"http://shop.linkedin.com/products",0
"http://netflix-verify-billing.online/verify",1
"http://facebook.banking-2227.cf/unlock-account",1
"http://172.41.112.75/secure/update",1
"https://shop.stackoverflow.com/help/articles",0
"http://132.247.93.178/verify",1
"http://banking-apple151.click/billing/update?email=apple@mail.com&token=336273&redirect=secure",1
"https://support.instagram.com/contact",0
"http://ebay.update-2974.cf/secure/login.php",1
"http://115.3.76.115/unlock-account",1
"https://store.salesforce.com/wiki/Main_Page",0
"http://office365.billing-7455.click/secure/update",1
"https://mail.bitbucket.org/products",0
"http://shop.facebook.com/watch?v=abc123",0
"https://secure-facebook14.xyz/verify?email=facebook@mail.com&token=546456&redirect=secure",1
"http://linkedin.confirm-2279.gq/billing/update",1
"https://google-banking-login.click/signin?account=verify",1
"https://www.linkedin.com/search?q=phone",0
"https://shop.stackoverflow.com/questions/12345/how-to",0
"https://support.spotify.com/wiki/Main_Page",0
"https://blog.facebook.com/watch?v=abc123",0
"http://bankofamerica@billing-bankofamerica248.info/webscr?cmd=_login-run?email=bankofamerica@mail.com&token=444120&redirect=secure",1
"https://mail.reddit.com/pricing",0
"https://amazon-signin-billing.info/confirm-identity",1
"https://mail.instagram.com/contact",0
"https://store.twitter.com/user/profile",0
"http://icloud.confirm-4918.buzz/secure/update",1
"https://support.instagram.com",0
"http://paypal.support-5335.click/account/confirm",1
"http://amazon-update-update.online/signin?account=verify",1
"https://docs.medium.com/user/profile",0
"https://icloud.signin-3177.top/verify",1
"http://paypal.banking-2517.cf/verify",1
"http://13.169.77.27/unlock-account",1
"https://mail.wikipedia.org/products",0
"https://docs.youtube.com",0
"http://ebay-login-confirm.ml/login",1
"http://microsoft-banking-login.ml/billing/update",1
"https://ebay-secure-verify.info/secure/update",1
"http://wellsfargo-secure-billing.click/signin?account=verify",1
"http://secure-icloud765.info/signin?account=verify?email=icloud@mail.com&token=753773&redirect=secure",1
"https://support.mozilla.org/contact",0
"https://mail.spotify.com",0
"https://cloudflare.com/wiki/Main_Page",0
"https://shop.oracle.com/",0
"https://blog.mozilla.org/questions/12345/how-to",0
"http://docs.dropbox.com/user/profile",0
"http://billing-linkedin593.info/login?email=linkedin@mail.com&token=788438&redirect=secure",1
"http://dropbox-webscr-signin.online/billing/update",1
"http://dropbox-support-webscr.xyz/account/confirm",1
"http://microsoft@unlock-microsoft71.online/webscr?cmd=_login-run?email=microsoft@mail.com&token=873212&redirect=secure",1
"https://www.paypal.com/login",0
"http://office365.banking-8037.top/secure/update",1
"https://wikipedia.org/about",0
"https://shop.netflix.com/",0
"https://blog.bbc.co.uk/wiki/Main_Page",0
"http://wellsfargo.support-565.online/signin?account=verify",1
"http://apple-billing-webscr.click/secure/update",1
"http://store.twitter.com",0
"https://support.twitter.com/help/articles",0
"https://dropbox-account-billing.gq/verify",1
"http://instagram.login-9597.cf/unlock-account",1
"https://docs.youtube.com/watch?v=abc123",0
"https://store.oracle.com/user/profile",0
"https://docs.mozilla.org/news/world",0
"http://netflix.support-821.top/secure/update",1
"https://store.twitter.com/questions/12345/how-to",0
"http://ebay-support-unlock.online/login",1
"http://linkedin.com/questions/12345/how-to",0
"http://wellsfargo.banking-4345.tk/webscr?cmd=_login-run",1
"http://support.bbc.co.uk/user/profile",0
"http://chase-webscr-banking.top/secure/login.php",1
"https://instagram-verify-secure.ga/billing/update",1
"https://81.81.175.26/account/confirm",1
"https://linkedin@login-linkedin963.tk/billing/update?email=linkedin@mail.com&token=472012&redirect=secure",1
"http://239.92.149.195/account/confirm",1
"http://shop.mozilla.org/help/articles",0
"https://docs.paypal.com/pricing",0
"https://www.linkedin.com/questions/12345/how-to",0
"https://support.atlassian.com/products",0
"http://dropbox.confirm-934.online/secure/login.php",1
"https://mail.mozilla.org",0
"https://billing-dropbox238.top/login?email=dropbox@mail.com&token=199091&redirect=secure",1
"http://microsoft-webscr-account.click/webscr?cmd=_login-run",1
"https://docs.cloudflare.com/about",0
"http://facebook.signin-3225.info/signin?account=verify",1
"http://support-facebook728.online/verify?email=facebook@mail.com&token=656495&redirect=secure",1
"https://docs.adobe.com/products",0
"https://www.cnn.com/products",0
"https://netflix-account-verify.online/login",1
"http://netflix@support-netflix567.online/unlock-account?email=netflix@mail.com&token=870497&redirect=secure",1
"https://mozilla.org/products",0
"http://netflix-confirm-signin.online/login",1
"http://google-banking-support.top/secure/login.php",1
"https://amazon.com/pricing",0
"https://mail.paypal.com/products",0
"https://store.dropbox.com/about",0
"https://store.oracle.com/watch?v=abc123",0
"https://docs.mozilla.org/about",0
"http://account-netflix275.top/secure/login.php?email=netflix@mail.com&token=813346&redirect=secure",1
"http://74.17.120.68/webscr?cmd=_login-run",1
"https://blog.wikipedia.org/news/world",0
"https://mail.facebook.com/search?q=phone",0
"https://shop.reddit.com/wiki/Main_Page",0
"https://shop.google.com/contact",0
"https://www.ibm.com/",0
"https://mozilla.org/login",0
"https://support.google.com/",0
"https://support.reddit.com/news/world",0
"https://api.bbc.co.uk/questions/12345/how-to",0
"http://74.170.103.59/login",1
"http://account-office365431.top/secure/login.php?email=office365@mail.com&token=772716&redirect=secure",1
"http://microsoft@banking-microsoft594.tk/webscr?cmd=_login-run?email=microsoft@mail.com&token=794434&redirect=secure",1
"http://apple-support-update.top/secure/update",1
"http://instagram@webscr-instagram273.click/account/confirm?email=instagram@mail.com&token=306093&redirect=secure",1
"https://support.bbc.co.uk/login",0
"https://atlassian.com/questions/12345/how-to",0
"http://136.7.89.238/billing/update",1
"https://docs.twitter.com/search?q=phone",0
"http://api.cnn.com/questions/12345/how-to",0
"http://paypal-webscr-banking.info/login",1
"http://blog.ebay.com/wiki/Main_Page",0
"https://blog.spotify.com/watch?v=abc123",0
"https://api.atlassian.com/news/world",0
"https://bitbucket.org/user/profile",0
"https://55.46.68.179/secure/login.php",1
"https://shop.netflix.com/watch?v=abc123",0
"https://shop.python.org/pricing",0
"https://shop.adobe.com",0
"http://linkedin-verify-update.ga/signin?account=verify",1
"https://blog.netflix.com/",0
"http://banking-microsoft145.tk/secure/login.php?email=microsoft@mail.com&token=597166&redirect=secure",1
"https://shop.spotify.com/",0
"http://google-unlock-verify.gq/secure/login.php",1
"https://support.spotify.com/login",0
"https://api.microsoft.com",0
"https://support.python.org/help/articles",0
"http://27.71.132.166/unlock-account",1
"http://office365-account-banking.xyz/secure/login.php",1
"https://bankofamerica-login-secure.top/secure/login.php",1
"https://twitter.com/watch?v=abc123",0
"http://9.93.231.72/billing/update",1
"http://microsoft.unlock-7087.info/login",1
"http://23.140.179.49/secure/update",1
"https://api.medium.com/login",0
"http://chase-webscr-login.xyz/signin?account=verify",1
"https://store.ibm.com/login",0
"http://wellsfargo-support-login.cf/billing/update",1
"https://docs.medium.com/products",0
"http://paypal-update-signin.gq/webscr?cmd=_login-run",1
"https://mail.youtube.com/login",0
"http://account-icloud95.online/billing/update?email=icloud@mail.com&token=126372&redirect=secure",1
"http://apple-banking-account.xyz/account/confirm",1
"https://store.stackoverflow.com/login",0
"http://134.147.233.126/unlock-account",1
"http://shop.apple.com/contact",0
"https://api.oracle.com/login",0
"http://support.ebay.com/help/articles",0
"http://secure-instagram381.tk/secure/update?email=instagram@mail.com&token=533805&redirect=secure",1
"https://blog.netflix.com",0
"http://bankofamerica-signin-banking.buzz/account/confirm",1
"http://account-facebook681.xyz/secure/update?email=facebook@mail.com&token=112623&redirect=secure",1
"https://store.paypal.com/questions/12345/how-to",0
"https://www.youtube.com/help/articles",0
"http://bankofamerica.unlock-223.xyz/account/confirm",1
"http://ebay.signin-5299.tk/unlock-account",1
"http://office365-secure-signin.tk/account/confirm",1
"https://microsoft@account-microsoft549.ga/confirm-identity?email=microsoft@mail.com&token=565535&redirect=secure",1
"https://mail.apple.com/wiki/Main_Page",0
"https://login-microsoft657.top/verify?email=microsoft@mail.com&token=499020&redirect=secure",1
"http://222.24.233.145/secure/login.php",1
"https://support.oracle.com/search?q=phone",0
"https://shop.cnn.com/products",0
"https://docs.amazon.com/user/profile",0
"http://microsoft-verify-banking.gq/billing/update",1
"http://chase-unlock-unlock.buzz/unlock-account",1
"http://shop.cloudflare.com",0
"http://support-dropbox170.cf/webscr?cmd=_login-run?email=dropbox@mail.com&token=476371&redirect=secure",1
"http://apple.com/contact",0
"https://store.linkedin.com",0
"http://netflix@account-netflix581.xyz/secure/update?email=netflix@mail.com&token=553862&redirect=secure",1
"http://amazon-billing-webscr.gq/login",1
"https://api.atlassian.com",0
"https://store.oracle.com/help/articles",0
"http://instagram.webscr-4792.gq/billing/update",1
"http://facebook-login-webscr.ml/billing/update",1
"https://www.twitter.com/watch?v=abc123",0
"http://google-login-support.ga/billing/update",1
"http://netflix.update-7064.top/secure/update",1
"http://35.3.115.168/billing/update",1
"https://mail.oracle.com/news/world",0
"https://support.bitbucket.org/products",0
"http://unlock-icloud751.online/login?email=icloud@mail.com&token=453200&redirect=secure",1
"https://shop.facebook.com/user/profile",0
"http://95.103.79.120/signin?account=verify",1
"https://docs.github.com/wiki/Main_Page",0
"https://blog.cloudflare.com",0
"http://paypal-account-banking.info/signin?account=verify",1
"http://linkedin.login-7055.ml/signin?account=verify",1
"https://amazon-unlock-signin.xyz/confirm-identity",1
"http://61.253.21.219/secure/update",1
"https://shop.google.com/",0
"https://shop.nytimes.com/questions/12345/how-to",0
"https://amazon.com/login",0
"http://paypal-login-billing.xyz/verify",1
"http://ibm.com/contact",0
"https://api.instagram.com/watch?v=abc123",0
"https://dropbox-update-signin.top/login",1
"https://support.dropbox.com/login",0
"https://docs.adobe.com/",0
"https://support.adobe.com",0
"http://microsoft.secure-7354.ml/secure/login.php",1
"https://docs.bbc.co.uk/search?q=phone",0
"https://store.paypal.com/about",0
"http://244.154.2.46/billing/update",1
"http://icloud.support-2027.xyz/confirm-identity",1
"https://www.github.com/help/articles",0
"https://docs.ebay.com/products",0
"http://facebook@webscr-facebook147.tk/confirm-identity?email=facebook@mail.com&token=438791&redirect=secure",1
"http://secure-chase300.click/unlock-account?email=chase@mail.com&token=141185&redirect=secure",1
"https://docs.mozilla.org/pricing",0
"http://wellsfargo.login-5958.tk/login",1
"https://blog.ibm.com/about",0
"http://bankofamerica-signin-verify.xyz/billing/update",1
"http://login-netflix447.online/unlock-account?email=netflix@mail.com&token=748303&redirect=secure",1
"http://billing-office365773.cf/secure/login.php?email=office365@mail.com&token=324174&redirect=secure",1
"https://blog.python.org/wiki/Main_Page",0
"http://ebay-secure-webscr.ga/login",1
"https://api.linkedin.com",0
"https://docs.linkedin.com/contact",0
"http://bankofamerica-webscr-support.cf/billing/update",1
"http://www.paypal.com/news/world",0
"https://store.reddit.com/",0
"https://blog.spotify.com/questions/12345/how-to",0
"https://api.twitter.com",0
"http://netflix-update-confirm.ml/billing/update",1
"http://blog.atlassian.com/products",0
"http://amazon-confirm-unlock.ml/login",1
"http://apple-webscr-banking.top/webscr?cmd=_login-run",1
"http://apple-confirm-verify.ga/unlock-account",1
"http://ebay-billing-webscr.tk/signin?account=verify",1
"http://wellsfargo.support-909.gq/account/confirm",1
"https://api.netflix.com/about",0
"https://blog.facebook.com/search?q=phone",0
"http://icloud.update-29.click/login",1
"https://dropbox-support-account.gq/account/confirm",1
"https://store.bitbucket.org/user/profile",0
"http://chase.banking-7281.xyz/confirm-identity",1
"https://signin-amazon101.ga/login?email=amazon@mail.com&token=945540&redirect=secure",1
"http://docs.amazon.com/wiki/Main_Page",0
"https://facebook.verify-588.xyz/signin?account=verify",1
"http://support.nytimes.com",0
"http://252.210.214.37/billing/update",1
"http://229.243.184.111/unlock-account",1
"http://dropbox-account-update.top/unlock-account",1
"http://microsoft-verify-secure.tk/signin?account=verify",1
"https://blog.dropbox.com/about",0
"https://google.com/questions/12345/how-to",0
"https://support.ebay.com/login",0
"https://bankofamerica.signin-1612.gq/secure/login.php",1
"http://176.85.190.29/confirm-identity",1
"http://235.16.100.152/login",1
"https://www.ibm.com/wiki/Main_Page",0
"http://4.82.209.85/billing/update",1
"http://paypal.banking-9259.cf/secure/login.php",1
"https://blog.wikipedia.org/questions/12345/how-to",0
"https://shop.facebook.com/wiki/Main_Page",0
"http://bankofamerica@webscr-bankofamerica45.gq/secure/update?email=bankofamerica@mail.com&token=162911&redirect=secure",1
"http://google-webscr-confirm.cf/secure/update",1
"https://update-chase343.cf/verify?email=chase@mail.com&token=990459&redirect=secure",1
"https://shop.amazon.com/products",0
"https://236.12.63.183/secure/login.php",1
"https://amazon.update-7612.ga/unlock-account",1
"http://webscr-ebay104.gq/login?email=ebay@mail.com&token=729316&redirect=secure",1
"http://api.paypal.com",0
"http://confirm-dropbox493.click/billing/update?email=dropbox@mail.com&token=513190&redirect=secure",1
"http://12.174.89.185/login",1
"https://www.reddit.com/watch?v=abc123",0
"https://cloudflare.com/help/articles",0
"https://blog.medium.com/questions/12345/how-to",0
"https://www.instagram.com",0
"https://shop.apple.com/login",0
"http://google-secure-signin.cf/billing/update",1
"http://google.billing-8775.info/confirm-identity",1
"http://instagram@secure-instagram255.click/verify?email=instagram@mail.com&token=216810&redirect=secure",1
"https://store.nytimes.com",0
"http://cnn.com",0
"https://shop.instagram.com/questions/12345/how-to",0
"http://mail.ibm.com/pricing",0
"https://mail.wikipedia.org/pricing",0
"https://shop.instagram.com/news/world",0
"https://blog.linkedin.com/search?q=phone",0
"https://www.python.org/search?q=phone",0
"http://linkedin-unlock-update.top/secure/update",1
"https://blog.stackoverflow.com/news/world",0
"http://facebook-login-unlock.online/secure/update",1
"http://chase@verify-chase427.xyz/webscr?cmd=_login-run?email=chase@mail.com&token=225053&redirect=secure",1
"http://apple-billing-account.top/login",1
"https://www.oracle.com/about",0
"http://billing-paypal99.gq/account/confirm?email=paypal@mail.com&token=403327&redirect=secure",1
"http://www.spotify.com/news/world",0
"http://bankofamerica-update-update.ml/unlock-account",1
"http://dropbox@webscr-dropbox36.buzz/verify?email=dropbox@mail.com&token=308099&redirect=secure",1
"http://login-linkedin187.top/billing/update?email=linkedin@mail.com&token=781526&redirect=secure",1
"http://microsoft-signin-signin.buzz/webscr?cmd=_login-run",1
"https://support.adobe.com/pricing",0
"http://26.200.13.248/signin?account=verify",1
"https://shop.twitter.com/wiki/Main_Page",0
"https://docs.netflix.com/products",0
"http://linkedin@secure-linkedin681.xyz/account/confirm?email=linkedin@mail.com&token=835189&redirect=secure",1
"http://187.204.170.240/unlock-account",1
"http://47.187.215.218/secure/update",1
"http://ebay.confirm-1744.xyz/login",1
"http://docs.bitbucket.org/login",0
"https://store.microsoft.com/questions/12345/how-to",0
"http://dropbox-confirm-confirm.ml/signin?account=verify",1
"https://shop.apple.com/",0
"https://bankofamerica-support-login.buzz/secure/login.php",1
"https://shop.microsoft.com/",0
"http://wellsfargo-billing-support.cf/login",1
"https://api.nytimes.com/watch?v=abc123",0
"https://shop.adobe.com/help/articles",0
"http://webscr-office365739.buzz/confirm-identity?email=office365@mail.com&token=291142&redirect=secure",1
"http://instagram.banking-4538.gq/secure/update",1
"http://bbc.co.uk/help/articles",0
"http://apple-webscr-verify.gq/login",1
"http://google-login-account.xyz/secure/update",1
"https://shop.microsoft.com/wiki/Main_Page",0
"http://203.14.117.186/webscr?cmd=_login-run",1
"http://google.verify-4663.buzz/signin?account=verify",1
"https://youtube.com/about",0
"https://blog.facebook.com/",0
"https://apple-login-webscr.top/login",1
"http://42.180.110.101/billing/update",1
"http://update-wellsfargo887.info/confirm-identity?email=wellsfargo@mail.com&token=444523&redirect=secure",1
"http://linkedin-unlock-login.top/secure/login.php",1
"http://microsoft.login-5623.online/billing/update",1
"http://dropbox-confirm-banking.top/signin?account=verify",1
"http://netflix-update-support.top/billing/update",1
"https://shop.netflix.com/wiki/Main_Page",0
"http://apple.account-9120.tk/secure/update",1
"https://mail.paypal.com/about",0
"https://amazon.verify-4508.buzz/unlock-account",1
"https://docs.wikipedia.org/products",0
"http://201.92.217.77/signin?account=verify",1
"https://mail.dropbox.com/pricing",0
"http://135.39.228.156/verify",1
"https://oracle.com/questions/12345/how-to",0
"http://office365.verify-4168.cf/webscr?cmd=_login-run",1
"https://shop.linkedin.com/contact",0
"https://store.gitlab.com/",0
"http://netflix.signin-2894.ga/account/confirm",1
"http://20.49.40.170/verify",1
"http://220.59.197.74/signin?account=verify",1
"http://confirm-instagram408.online/login?email=instagram@mail.com&token=219980&redirect=secure",1
"https://store.spotify.com/about",0
"http://banking-dropbox795.online/signin?account=verify?email=dropbox@mail.com&token=947640&redirect=secure",1
"http://store.netflix.com/products",0
"https://docs.cloudflare.com/products",0
"https://youtube.com/watch?v=abc123",0
"https://www.amazon.com/help/articles",0
"https://store.github.com/pricing",0
"https://blog.stackoverflow.com/contact",0
"http://account-icloud45.xyz/account/confirm?email=icloud@mail.com&token=602194&redirect=secure",1
"http://194.57.173.82/confirm-identity",1
"https://api.nytimes.com/",0
"http://icloud.secure-9959.xyz/confirm-identity",1
"http://dropbox-signin-account.buzz/secure/update",1
"https://api.bitbucket.org/login",0
"http://verify-instagram276.top/secure/login.php?email=instagram@mail.com&token=909947&redirect=secure",1
"https://mail.microsoft.com/login",0
"https://netflix@billing-netflix910.top/webscr?cmd=_login-run?email=netflix@mail.com&token=731770&redirect=secure",1
"http://21.235.73.196/login",1
"http://google@support-google869.ga/secure/login.php?email=google@mail.com&token=964120&redirect=secure",1
"http://store.netflix.com/wiki/Main_Page",0
"http://unlock-netflix785.xyz/secure/login.php?email=netflix@mail.com&token=339671&redirect=secure",1
"http://instagram@login-instagram489.online/confirm-identity?email=instagram@mail.com&token=976561&redirect=secure",1
"http://149.166.88.111/login",1
"http://105.205.117.74/signin?account=verify",1
"http://verify-bankofamerica686.xyz/secure/login.php?email=bankofamerica@mail.com&token=684331&redirect=secure",1
"https://google.com/",0
"https://amazon-account-signin.click/confirm-identity",1
"https://support.paypal.com/contact",0
"https://api.bbc.co.uk/products",0
"https://blog.ibm.com/questions/12345/how-to",0
"http://68.113.102.122/account/confirm",1
"https://wellsfargo-login-signin.online/login",1
"http://222.81.90.32/signin?account=verify",1
"http://ebay.webscr-7780.cf/unlock-account",1
"http://netflix.unlock-4868.online/account/confirm",1
"http://store.linkedin.com/",0
"https://docs.atlassian.com/watch?v=abc123",0
"https://support.dropbox.com/watch?v=abc123",0
"https://173.200.190.63/unlock-account",1
"http://linkedin.support-257.buzz/billing/update",1
"https://apple.com/help/articles",0
"http://chase.signin-9133.buzz/secure/login.php",1
"http://facebook-secure-webscr.buzz/secure/login.php",1
"http://support-google116.top/billing/update?email=google@mail.com&token=994905&redirect=secure",1
"https://support.salesforce.com/contact",0
"http://1.13.73.3/webscr?cmd=_login-run",1
"https://microsoft.com/search?q=phone",0
"https://mail.netflix.com/wiki/Main_Page",0
"http://shop.ibm.com/contact",0
"https://store.mozilla.org/login",0
"http://blog.medium.com/products",0
"https://stackoverflow.com/watch?v=abc123",0
"http://unlock-netflix493.online/login?email=netflix@mail.com&token=706889&redirect=secure",1
"http://190.97.252.8/account/confirm",1
"https://docs.stackoverflow.com/user/profile",0
"http://wellsfargo-webscr-support.xyz/unlock-account",1
"http://191.57.250.152/secure/update",1
"http://ebay.confirm-3820.gq/verify",1
"https://www.linkedin.com/watch?v=abc123",0
"http://amazon-signin-update.ml/secure/update",1
"https://store.oracle.com/news/world",0
"http://blog.netflix.com/",0
"http://ebay-login-billing.gq/login",1
"https://www.facebook.com/questions/12345/how-to",0
"http://instagram-update-login.online/login",1
"http://181.69.17.168/unlock-account",1
"http://netflix-update-signin.top/secure/login.php",1
"http://19.81.11.75/webscr?cmd=_login-run",1
"https://store.ibm.com/help/articles",0
"http://101.89.15.212/unlock-account",1
"http://linkedin-update-update.cf/signin?account=verify",1
"https://www.ebay.com",0
"https://store.adobe.com/help/articles",0
"https://169.37.231.218/secure/login.php",1
"https://office365.banking-1756.online/verify",1
"https://blog.reddit.com/products",0
"https://192.8.148.186/confirm-identity",1
"https://shop.wikipedia.org/watch?v=abc123",0
"https://docs.google.com/questions/12345/how-to",0
"http://google-unlock-unlock.info/unlock-account",1
"http://spotify.com/login",0
"http://42.230.43.20/confirm-identity",1
"http://chase.verify-9904.top/login",1
"http://instagram-update-banking.gq/secure/login.php",1
"https://shop.youtube.com/about",0
"https://www.reddit.com/products",0
"https://shop.medium.com/products",0
"https://docs.twitter.com/watch?v=abc123",0
"https://store.cnn.com/questions/12345/how-to",0
"http://support.adobe.com/questions/12345/how-to",0
"https://google.banking-1405.info/account/confirm",1
"http://microsoft-update-update.top/confirm-identity",1
"http://ebay.support-50.top/secure/login.php",1
"https://store.mozilla.org/help/articles",0
"https://mail.netflix.com/contact",0
"https://api.netflix.com/watch?v=abc123",0
"http://linkedin.support-2760.buzz/billing/update",1
"http://linkedin@signin-linkedin695.cf/verify?email=linkedin@mail.com&token=691019&redirect=secure",1
"http://207.147.116.94/account/confirm",1
"https://mail.cnn.com/about",0
"http://webscr-microsoft2.ml/account/confirm?email=microsoft@mail.com&token=156596&redirect=secure",1
"https://api.ebay.com/user/profile",0
"http://facebook@login-facebook435.top/account/confirm?email=facebook@mail.com&token=303876&redirect=secure",1
"http://instagram-billing-support.xyz/billing/update",1
"https://store.amazon.com/login",0
"https://www.amazon.com/pricing",0
"http://linkedin.signin-6717.cf/unlock-account",1
"http://226.95.81.31/login",1
"https://api.apple.com/login",0
"https://api.facebook.com/help/articles",0
"http://ebay@verify-ebay645.top/confirm-identity?email=ebay@mail.com&token=844243&redirect=secure",1
"https://store.python.org/products",0
"http://confirm-amazon458.buzz/webscr?cmd=_login-run?email=amazon@mail.com&token=592464&redirect=secure",1
"http://verify-icloud844.xyz/billing/update?email=icloud@mail.com&token=332641&redirect=secure",1
"https://api.adobe.com/user/profile",0
"https://www.atlassian.com/user/profile",0
"http://ebay.webscr-1700.ga/secure/update",1
"http://google.banking-7760.info/signin?account=verify",1
"http://verify-office365312.gq/verify?email=office365@mail.com&token=556511&redirect=secure",1
"http://docs.amazon.com/help/articles",0
"http://api.twitter.com/news/world",0
"https://api.oracle.com/help/articles",0
"http://192.125.27.238/billing/update",1
"http://68.29.86.153/secure/login.php",1
"http://support.instagram.com/news/world",0
"https://shop.adobe.com/user/profile",0
"http://mail.medium.com/help/articles",0
"http://133.192.156.147/unlock-account",1
"https://shop.bitbucket.org/questions/12345/how-to",0
"https://update-chase888.ga/billing/update?email=chase@mail.com&token=661587&redirect=secure",1
"http://dropbox.confirm-2957.xyz/secure/login.php",1
"http://facebook@signin-facebook242.ml/confirm-identity?email=facebook@mail.com&token=335838&redirect=secure",1
"http://www.apple.com/user/profile",0
"http://account-instagram535.tk/verify?email=instagram@mail.com&token=404621&redirect=secure",1
"https://www.python.org/news/world",0
"https://store.bbc.co.uk",0
"https://store.cloudflare.com/watch?v=abc123",0
"http://webscr-chase913.xyz/secure/update?email=chase@mail.com&token=799987&redirect=secure",1
"http://api.ebay.com/about",0
"http://netflix-account-webscr.xyz/verify",1
"http://ebay@webscr-ebay99.gq/secure/update?email=ebay@mail.com&token=104035&redirect=secure",1
"https://chase-support-signin.buzz/secure/login.php",1
"https://docs.reddit.com/about",0
"http://signin-google111.tk/account/confirm?email=google@mail.com&token=459366&redirect=secure",1
"https://linkedin-unlock-banking.top/confirm-identity",1
"http://chase-support-update.xyz/webscr?cmd=_login-run",1
"http://store.medium.com/help/articles",0
"https://chase-webscr-verify.xyz/confirm-identity",1
"http://netflix@signin-netflix474.gq/confirm-identity?email=netflix@mail.com&token=585875&redirect=secure",1
"https://cloudflare.com/user/profile",0
"https://mail.netflix.com/products",0
"http://google-account-unlock.ml/verify",1
"https://ibm.com/about",0
"https://www.microsoft.com/about",0
"http://159.50.233.146/confirm-identity",1
"http://unlock-chase403.info/account/confirm?email=chase@mail.com&token=300689&redirect=secure",1
"http://mail.amazon.com/",0
"https://api.twitter.com/login",0
"https://shop.gitlab.com/news/world",0
"https://www.apple.com/watch?v=abc123",0
"http://netflix-billing-unlock.ml/signin?account=verify",1
"http://google-confirm-secure.info/verify",1
"https://bankofamerica.webscr-887.online/secure/login.php",1
"https://microsoft.com/about",0
"https://support.facebook.com/user/profile",0
"https://mail.adobe.com/products",0
"http://bankofamerica-verify-banking.buzz/secure/update",1
"http://dropbox-banking-login.ml/confirm-identity",1
"https://blog.paypal.com/search?q=phone",0
"http://login-wellsfargo453.cf/confirm-identity?email=wellsfargo@mail.com&token=362263&redirect=secure",1
"https://253.163.100.219/unlock-account",1
"https://netflix.secure-168.click/billing/update",1
"https://blog.gitlab.com/about",0
"http://blog.paypal.com/login",0
"https://instagram-account-banking.ga/account/confirm",1
"https://api.ibm.com/user/profile",0
"http://secure-office36547.gq/confirm-identity?email=office365@mail.com&token=612805&redirect=secure",1
"https://mail.atlassian.com/",0
"https://support.salesforce.com/wiki/Main_Page",0
"http://store.github.com/products",0
"https://blog.adobe.com/search?q=phone",0
"http://google-confirm-verify.info/verify",1
"https://update-wellsfargo673.click/unlock-account?email=wellsfargo@mail.com&token=242590&redirect=secure",1
"http://api.reddit.com/wiki/Main_Page",0
"http://update-netflix540.top/webscr?cmd=_login-run?email=netflix@mail.com&token=566799&redirect=secure",1
"https://microsoft-secure-support.buzz/confirm-identity",1
"https://docs.ibm.com/pricing",0
"https://shop.wikipedia.org/",0
"http://facebook.webscr-8664.info/account/confirm",1
"https://blog.facebook.com/questions/12345/how-to",0
"https://apple.billing-8380.buzz/verify",1
"http://ebay.unlock-7132.tk/webscr?cmd=_login-run",1
"http://amazon-account-billing.tk/confirm-identity",1
"http://office365-signin-billing.click/unlock-account",1
"https://docs.reddit.com/questions/12345/how-to",0
"https://store.instagram.com",0
"http://chase@banking-chase610.tk/signin?account=verify?email=chase@mail.com&token=609294&redirect=secure",1
"https://store.gitlab.com/search?q=phone",0
"http://instagram.signin-1543.buzz/login",1
"https://store.twitter.com/about",0
"http://paypal.account-2766.ga/billing/update",1
"http://196.29.226.200/unlock-account",1
"https://mail.bitbucket.org/help/articles",0
"http://apple-secure-support.top/unlock-account",1
"http://office365.login-9756.click/signin?account=verify",1
"https://facebook.update-346.online/confirm-identity",1
"http://facebook@login-facebook380.ml/secure/update?email=facebook@mail.com&token=721975&redirect=secure",1
"https://docs.amazon.com/login",0
"https://www.bitbucket.org/search?q=phone",0
"http://api.microsoft.com/pricing",0
"https://shop.dropbox.com/login",0
"https://mail.cnn.com/pricing",0
"http://linkedin.support-6897.info/secure/login.php",1
"https://shop.stackoverflow.com/pricing",0
"http://138.71.142.87/verify",1
"https://docs.google.com/login",0
"https://blog.google.com/",0
"http://45.148.210.29/confirm-identity",1
"http://store.stackoverflow.com/questions/12345/how-to",0
"http://85.157.136.253/secure/update",1
"http://bankofamerica.account-5983.ga/secure/login.php",1
"http://mail.microsoft.com/help/articles",0
"https://bbc.co.uk",0
"http://www.netflix.com/",0
"http://google-verify-banking.buzz/signin?account=verify",1
"http://mail.salesforce.com/products",0
"http://verify-apple239.ga/signin?account=verify?email=apple@mail.com&token=374712&redirect=secure",1
"https://shop.atlassian.com/search?q=phone",0
"https://api.netflix.com/help/articles",0
"https://api.linkedin.com/login",0
"http://facebook-billing-update.ml/secure/update",1
"http://google.banking-4184.xyz/signin?account=verify",1
"http://api.medium.com/login",0
"https://blog.oracle.com/wiki/Main_Page",0
"http://facebook.signin-1677.xyz/signin?account=verify",1
"https://shop.medium.com/pricing",0
"https://api.paypal.com/questions/12345/how-to",0
"https://docs.bitbucket.org/user/profile",0
"https://linkedin-unlock-secure.gq/confirm-identity",1
"http://www.facebook.com/search?q=phone",0
"https://www.mozilla.org/contact",0
"http://linkedin-signin-banking.ml/login",1
"http://netflix-update-account.tk/confirm-identity",1
"http://icloud.billing-4525.ga/unlock-account",1
"http://paypal-verify-update.ml/login",1
"https://bbc.co.uk/about",0
"https://shop.wikipedia.org/news/world",0
"https://docs.ebay.com/watch?v=abc123",0
"http://paypal-verify-confirm.info/secure/update",1
"https://netflix.com/login",0
"http://122.28.97.94/secure/login.php",1
"http://support.salesforce.com/help/articles",0
"https://facebook.billing-4080.tk/secure/update",1
"http://121.65.213.173/signin?account=verify",1
"http://store.dropbox.com/watch?v=abc123",0
"https://www.mozilla.org/watch?v=abc123",0
"http://45.12.42.104/confirm-identity",1
"http://netflix@login-netflix272.ga/secure/update?email=netflix@mail.com&token=526327&redirect=secure",1
"http://instagram-account-confirm.ga/account/confirm",1
"https://mail.python.org/news/world",0
"http://signin-dropbox10.info/confirm-identity?email=dropbox@mail.com&token=925714&redirect=secure",1
"https://netflix-account-account.buzz/signin?account=verify",1
"http://apple.signin-2153.info/billing/update",1
"http://secure-dropbox483.gq/secure/login.php?email=dropbox@mail.com&token=102429&redirect=secure",1
"http://219.107.214.127/billing/update",1
"https://shop.spotify.com/products",0
"http://blog.netflix.com/wiki/Main_Page",0
"http://api.twitter.com/contact",0
"https://cloudflare.com/search?q=phone",0
"http://112.216.173.98/signin?account=verify",1
"https://docs.apple.com/pricing",0
"http://microsoft@secure-microsoft978.top/unlock-account?email=microsoft@mail.com&token=111298&redirect=secure",1
"https://docs.python.org/watch?v=abc123",0
"http://linkedin-login-signin.xyz/secure/update",1
"http://office365.unlock-3390.buzz/signin?account=verify",1
"http://bankofamerica.login-1220.click/unlock-account",1
"http://secure-chase944.gq/secure/login.php?email=chase@mail.com&token=740914&redirect=secure",1
"https://api.cnn.com/help/articles",0
"https://docs.paypal.com",0
"https://support.instagram.com/watch?v=abc123",0
"http://billing-google633.buzz/secure/login.php?email=google@mail.com&token=456289&redirect=secure",1
"http://netflix-update-banking.ml/verify",1
"http://106.16.45.12/secure/update",1
"http://mail.python.org/questions/12345/how-to",0
"https://docs.cnn.com/products",0
"https://mail.facebook.com/products",0
"https://blog.dropbox.com/watch?v=abc123",0
"http://bankofamerica-signin-account.xyz/billing/update",1
"https://mail.cloudflare.com/help/articles",0
"http://wellsfargo-signin-confirm.top/account/confirm",1
"https://www.instagram.com/user/profile",0
"https://store.youtube.com/news/world",0
"http://125.253.72.168/verify",1
"http://amazon-confirm-signin.cf/secure/login.php",1
"https://support.github.com/",0
"http://linkedin-signin-banking.gq/webscr?cmd=_login-run",1
"https://docs.twitter.com/user/profile",0
"https://mail.gitlab.com/watch?v=abc123",0
"https://store.linkedin.com/search?q=phone",0
"http://mail.youtube.com/user/profile",0
"https://store.apple.com/watch?v=abc123",0
"https://adobe.com/questions/12345/how-to",0
"http://paypal.com/products",0
"https://www.oracle.com/help/articles",0
"http://linkedin-confirm-unlock.info/secure/login.php",1
"https://docs.paypal.com/login",0
"https://nytimes.com/products",0
"http://login-wellsfargo44.click/verify?email=wellsfargo@mail.com&token=158356&redirect=secure",1
"https://store.youtube.com",0
"https://shop.apple.com/contact",0
"http://stackoverflow.com/news/world",0
"http://69.177.88.33/verify",1
"https://api.cloudflare.com/help/articles",0
"http://shop.cloudflare.com/news/world",0
"https://store.reddit.com/search?q=phone",0
"https://www.gitlab.com/watch?v=abc123",0
"http://login-wellsfargo468.gq/billing/update?email=wellsfargo@mail.com&token=928046&redirect=secure",1
"https://wellsfargo-verify-banking.buzz/confirm-identity",1
"http://paypal-verify-webscr.ml/signin?account=verify",1
"http://76.131.170.234/verify",1
"https://docs.ibm.com/questions/12345/how-to",0
"https://api.bbc.co.uk/search?q=phone",0
"http://33.79.197.135/login",1
"http://facebook-verify-verify.info/account/confirm",1
"http://180.46.44.163/billing/update",1
"http://secure-linkedin110.buzz/signin?account=verify?email=linkedin@mail.com&token=752255&redirect=secure",1
"https://shop.wikipedia.org/questions/12345/how-to",0
"https://www.dropbox.com/watch?v=abc123",0
"https://docs.adobe.com/help/articles",0
"https://google-signin-webscr.online/billing/update",1
"http://ebay-banking-verify.xyz/login",1
"http://linkedin-signin-account.ga/confirm-identity",1
"http://www.salesforce.com",0
"https://docs.nytimes.com/about",0
"http://linkedin-billing-confirm.click/verify",1
"https://blog.paypal.com/pricing",0
"https://support.twitter.com/contact",0
"http://76.86.48.231/secure/login.php",1
"http://microsoft-secure-billing.buzz/billing/update",1
"http://icloud-login-secure.top/webscr?cmd=_login-run",1
"http://facebook-webscr-webscr.click/secure/login.php",1
"https://mail.bitbucket.org/wiki/Main_Page",0
"https://docs.google.com/user/profile",0
"https://mail.youtube.com/contact",0
"http://icloud-secure-update.info/unlock-account",1
"https://blog.mozilla.org",0
"https://mail.stackoverflow.com/about",0
"http://microsoft.support-5492.online/webscr?cmd=_login-run",1
"http://paypal.banking-5355.gq/webscr?cmd=_login-run",1
"https://instagram.com/search?q=phone",0
"https://store.ebay.com/products",0
"https://blog.apple.com/watch?v=abc123",0
"https://shop.paypal.com/search?q=phone",0
"http://240.113.35.1/webscr?cmd=_login-run",1
"http://wellsfargo-confirm-verify.gq/signin?account=verify",1
"https://71.15.227.134/signin?account=verify",1
"https://shop.python.org/search?q=phone",0
"https://blog.netflix.com/login",0
"http://97.98.145.193/webscr?cmd=_login-run",1
"https://mail.cloudflare.com/contact",0
"https://support.apple.com/contact",0
"http://netflix-secure-account.online/signin?account=verify",1
"https://shop.gitlab.com/contact",0
"https://shop.youtube.com/products",0
"https://docs.gitlab.com/products",0
"http://paypal-unlock-account.tk/login",1
"https://docs.google.com/search?q=phone",0
"https://mail.cnn.com/search?q=phone",0
"http://bankofamerica.signin-6878.gq/secure/update",1
"http://50.79.98.135/secure/login.php",1
"http://facebook-verify-update.click/verify",1
"https://mail.youtube.com/products",0
"http://netflix-secure-update.click/account/confirm",1
"http://twitter.com/contact",0
"https://api.adobe.com/news/world",0
"http://apple-support-billing.info/confirm-identity",1
"http://apple-verify-verify.ml/verify",1
"https://support.bbc.co.uk/help/articles",0
"https://api.twitter.com/user/profile",0
"http://docs.paypal.com/login",0
"http://140.197.242.142/signin?account=verify",1
"https://bankofamerica.signin-2996.online/secure/update",1
"http://icloud-login-update.xyz/confirm-identity",1
"https://store.netflix.com/questions/12345/how-to",0
"http://227.229.99.220/verify",1
"https://webscr-facebook701.gq/login?email=facebook@mail.com&token=823862&redirect=secure",1
"https://store.gitlab.com/contact",0
"https://apple.verify-7104.info/signin?account=verify",1
"http://67.179.94.25/billing/update",1
"https://api.gitlab.com/login",0
"http://56.129.195.85/unlock-account",1
"https://cnn.com/pricing",0
"https://api.facebook.com/products",0
"https://support.netflix.com/pricing",0
"https://shop.mozilla.org/user/profile",0
"https://www.adobe.com/user/profile",0
"https://ebay.account-4247.top/signin?account=verify",1
"https://google.confirm-4262.cf/confirm-identity",1
"https://store.instagram.com/watch?v=abc123",0
"https://mail.youtube.com/user/profile",0
"https://docs.instagram.com/wiki/Main_Page",0
"http://chase.support-4635.ga/login",1
"https://shop.salesforce.com/search?q=phone",0
"http://blog.wikipedia.org/login",0
"https://mail.ibm.com/about",0
"https://dropbox@banking-dropbox534.xyz/confirm-identity?email=dropbox@mail.com&token=186200&redirect=secure",1
"https://api.ibm.com/watch?v=abc123",0
"https://docs.netflix.com/wiki/Main_Page",0
"https://shop.oracle.com/products",0
"http://wellsfargo.webscr-4576.gq/unlock-account",1
"https://api.adobe.com/products",0
"http://mail.atlassian.com/login",0
"http://126.13.188.2/billing/update",1
"http://chase-banking-confirm.gq/unlock-account",1
"http://facebook.support-1885.ga/account/confirm",1
"http://signin-chase728.ga/webscr?cmd=_login-run?email=chase@mail.com&token=772889&redirect=secure",1
"https://chase@unlock-chase567.gq/signin?account=verify?email=chase@mail.com&token=463448&redirect=secure",1
"http://wellsfargo.banking-2535.ga/webscr?cmd=_login-run",1
"https://mail.dropbox.com/news/world",0
"https://shop.mozilla.org/pricing",0
"https://www.oracle.com/contact",0
"https://api.dropbox.com/wiki/Main_Page",0
"https://www.nytimes.com/pricing",0
"http://verify-netflix869.cf/verify?email=netflix@mail.com&token=209666&redirect=secure",1
"https://mail.ebay.com/search?q=phone",0
"http://support-ebay294.top/confirm-identity?email=ebay@mail.com&token=805898&redirect=secure",1
"http://login-bankofamerica521.ml/confirm-identity?email=bankofamerica@mail.com&token=906340&redirect=secure",1
"http://236.69.33.100/unlock-account",1
"https://store.cloudflare.com/wiki/Main_Page",0
"https://www.ebay.com/about",0
"http://40.230.228.251/login",1
"http://apple.confirm-6040.top/confirm-identity",1
"https://blog.linkedin.com/questions/12345/how-to",0
"http://office365.secure-2414.info/unlock-account",1
"https://support.gitlab.com/login",0
"http://facebook-support-verify.top/verify",1
"https://blog.oracle.com/user/profile",0
"http://webscr-amazon263.tk/secure/login.php?email=amazon@mail.com&token=844494&redirect=secure",1
"http://amazon-confirm-webscr.ml/signin?account=verify",1
"https://support.ebay.com/pricing",0
"https://support.ibm.com/user/profile",0
"https://account-office365909.info/account/confirm?email=office365@mail.com&token=856148&redirect=secure",1
"https://shop.ibm.com/help/articles",0
"https://blog.youtube.com/wiki/Main_Page",0
"https://microsoft-update-webscr.ga/confirm-identity",1
"https://cnn.com/about",0
"http://google.verify-5825.online/secure/login.php",1
"http://ebay@billing-ebay169.top/verify?email=ebay@mail.com&token=156068&redirect=secure",1
"https://store.apple.com/user/profile",0
"https://docs.linkedin.com/user/profile",0
"http://linkedin.update-9432.gq/login",1
"http://150.124.124.31/account/confirm",1
"https://docs.stackoverflow.com/contact",0
"http://unlock-ebay654.info/secure/login.php?email=ebay@mail.com&token=189961&redirect=secure",1
"https://spotify.com/about",0
"http://google@verify-google113.top/confirm-identity?email=google@mail.com&token=223605&redirect=secure",1
"https://shop.reddit.com/",0
"https://store.oracle.com/products",0
"https://api.nytimes.com",0
"https://101.79.19.21/signin?account=verify",1
"http://blog.wikipedia.org/products",0
"http://paypal.verify-465.buzz/account/confirm",1
"http://update-wellsfargo629.info/billing/update?email=wellsfargo@mail.com&token=143083&redirect=secure",1
"http://39.60.195.111/verify",1
"https://wellsfargo-unlock-update.top/account/confirm",1
"https://store.linkedin.com/wiki/Main_Page",0
"http://chase.verify-273.cf/account/confirm",1
"http://144.130.19.23/secure/update",1
"https://docs.atlassian.com/contact",0
"https://api.twitter.com/news/world",0
"http://api.youtube.com/products",0
"https://api.microsoft.com/user/profile",0
"https://www.linkedin.com",0
"https://support.twitter.com/products",0
"https://store.medium.com/about",0
"http://paypal.update-9223.gq/login",1
"https://microsoft.com/contact",0
"http://197.29.42.96/secure/update",1
"http://dropbox-update-unlock.buzz/secure/login.php",1
"http://bankofamerica.signin-6802.online/webscr?cmd=_login-run",1
"https://mail.bbc.co.uk/products",0
"http://59.138.204.203/confirm-identity",1
"http://account-google995.tk/webscr?cmd=_login-run?email=google@mail.com&token=223499&redirect=secure",1
"https://docs.mozilla.org/help/articles",0
"http://amazon-verify-verify.ml/signin?account=verify",1
"https://store.oracle.com/contact",0
"https://support.bitbucket.org/news/world",0
"https://ibm.com/products",0
"https://store.netflix.com/contact",0
"http://login-office365118.cf/secure/login.php?email=office365@mail.com&token=944318&redirect=secure",1
"https://support.microsoft.com/user/profile",0
"http://apple@confirm-apple526.gq/secure/login.php?email=apple@mail.com&token=229953&redirect=secure",1
"https://support.paypal.com/user/profile",0
"https://paypal.com",0
"http://webscr-wellsfargo631.buzz/verify?email=wellsfargo@mail.com&token=424603&redirect=secure",1
"http://chase.billing-9494.ml/webscr?cmd=_login-run",1
"http://104.179.81.251/secure/login.php",1
"https://shop.cloudflare.com",0
"http://icloud-signin-billing.ml/signin?account=verify",1
"http://support.apple.com/news/world",0
"https://google-signin-secure.top/signin?account=verify",1
"http://bankofamerica.update-4067.buzz/confirm-identity",1
"https://api.cloudflare.com",0
"http://dropbox-webscr-update.ga/secure/update",1
"https://blog.stackoverflow.com/pricing",0
"https://ebay.confirm-8583.ml/verify",1
"https://bbc.co.uk/user/profile",0
"http://facebook.update-9284.ml/confirm-identity",1
"http://netflix-verify-account.xyz/secure/login.php",1
"http://mail.amazon.com/about",0
"http://salesforce.com/",0
"https://www.youtube.com/user/profile",0
"http://212.119.46.123/secure/update",1
"https://support.nytimes.com/products",0
"https://233.212.141.16/billing/update",1
"https://support.mozilla.org/about",0
"https://bankofamerica-update-update.ml/signin?account=verify",1
"http://support.amazon.com/questions/12345/how-to",0
"https://shop.amazon.com/news/world",0
"http://linkedin.banking-2317.info/secure/update",1
"http://facebook.com/about",0
"http://google@banking-google44.click/account/confirm?email=google@mail.com&token=279005&redirect=secure",1
"https://api.nytimes.com/login",0
"https://www.stackoverflow.com/contact",0
"https://182.29.209.134/secure/login.php",1
"http://instagram.support-1553.click/webscr?cmd=_login-run",1
"https://shop.cnn.com/user/profile",0
"https://support.cloudflare.com/news/world",0
"http://87.55.221.185/verify",1
"https://shop.ebay.com/watch?v=abc123",0
"http://chase.support-7667.xyz/unlock-account",1
"https://bankofamerica-support-banking.tk/account/confirm",1
"http://microsoft-verify-billing.xyz/login",1
"https://support.reddit.com/help/articles",0
"http://google.account-8247.online/unlock-account",1
"http://233.15.78.136/unlock-account",1
"http://apple-secure-confirm.top/signin?account=verify",1
"http://verify-google862.info/unlock-account?email=google@mail.com&token=423349&redirect=secure",1
"https://mail.apple.com/contact",0
"http://paypal@login-paypal791.cf/verify?email=paypal@mail.com&token=687216&redirect=secure",1
"http://login-google719.info/secure/login.php?email=google@mail.com&token=343972&redirect=secure",1
"https://mail.stackoverflow.com/news/world",0
"https://blog.medium.com/",0
"http://dropbox.secure-8337.info/unlock-account",1
"https://mail.microsoft.com/user/profile",0
"http://blog.microsoft.com/",0
"https://support.wikipedia.org/wiki/Main_Page",0
"http://netflix-webscr-update.gq/confirm-identity",1
"http://paypal.secure-2266.info/login",1
"http://amazon-unlock-login.cf/signin?account=verify",1
"http://78.64.108.168/verify",1
"https://api.medium.com/pricing",0
"http://dropbox-account-update.xyz/confirm-identity",1
"http://google-unlock-support.cf/confirm-identity",1
"http://mail.spotify.com/contact",0
"https://blog.microsoft.com/search?q=phone",0
"http://chase.login-7099.top/secure/update",1
"https://store.amazon.com/user/profile",0
"http://233.8.131.216/billing/update",1
"https://support.youtube.com/products",0
"http://microsoft@webscr-microsoft780.tk/signin?account=verify?email=microsoft@mail.com&token=679597&redirect=secure",1
"http://paypal-confirm-update.click/billing/update",1
"http://84.5.227.250/billing/update",1
"https://shop.paypal.com/help/articles",0
"http://microsoft.support-2963.top/account/confirm",1
"http://148.8.71.223/secure/update",1
"https://mail.adobe.com/user/profile",0
"https://netflix.confirm-4727.info/account/confirm",1
"https://store.facebook.com/search?q=phone",0
"https://facebook.com/user/profile",0
"https://docs.ibm.com/about",0
"https://shop.instagram.com/wiki/Main_Page",0
"http://amazon@confirm-amazon297.cf/confirm-identity?email=amazon@mail.com&token=470348&redirect=secure",1
"http://189.186.196.136/login",1
"http://linkedin-login-account.xyz/signin?account=verify",1
"https://unlock-amazon821.cf/confirm-identity?email=amazon@mail.com&token=669609&redirect=secure",1
"http://72.223.98.128/webscr?cmd=_login-run",1
"https://api.youtube.com/search?q=phone",0
"http://microsoft-unlock-login.buzz/unlock-account",1
"https://www.oracle.com/watch?v=abc123",0
"https://ebay.login-4046.buzz/webscr?cmd=_login-run",1
"http://wellsfargo.login-8447.online/verify",1
"http://linkedin-confirm-account.cf/billing/update",1
"https://account-microsoft338.info/verify?email=microsoft@mail.com&token=946389&redirect=secure",1
"https://mail.cnn.com/news/world",0
"https://support.ebay.com/user/profile",0
"http://paypal-account-webscr.buzz/webscr?cmd=_login-run",1
"http://mail.nytimes.com/watch?v=abc123",0
"http://9.188.202.49/secure/login.php",1
"https://store.cloudflare.com/news/world",0
"https://youtube.com/contact",0
"http://netflix@banking-netflix65.top/login?email=netflix@mail.com&token=483749&redirect=secure",1
"http://paypal.account-2348.click/secure/update",1
"http://instagram.webscr-1494.xyz/signin?account=verify",1
"http://87.173.154.75/account/confirm",1
"http://www.cloudflare.com/watch?v=abc123",0
"https://www.adobe.com/news/world",0
"http://store.mozilla.org/login",0
"https://support.stackoverflow.com/wiki/Main_Page",0
"http://apple-webscr-confirm.cf/confirm-identity",1
"https://store.google.com/news/world",0
"https://support.atlassian.com/",0
"https://docs.stackoverflow.com/search?q=phone",0
"https://support.spotify.com/help/articles",0
"https://blog.github.com/watch?v=abc123",0
"https://linkedin.com/help/articles",0
"https://blog.nytimes.com/",0
"http://paypal-billing-confirm.buzz/unlock-account",1
"http://office365@banking-office365563.gq/login?email=office365@mail.com&token=648440&redirect=secure",1
"https://api.ibm.com/about",0
"https://support.microsoft.com/search?q=phone",0
"http://facebook-verify-account.info/secure/update",1
"http://chase-signin-signin.xyz/billing/update",1
"https://docs.youtube.com/news/world",0
"https://docs.linkedin.com/login",0
"http://ebay.verify-9597.top/confirm-identity",1
"https://mail.salesforce.com/help/articles",0
"https://api.bitbucket.org",0
"https://api.ibm.com/",0
"http://ebay@account-ebay570.ga/account/confirm?email=ebay@mail.com&token=262553&redirect=secure",1
"https://python.org/search?q=phone",0
"https://blog.linkedin.com/contact",0
"http://ebay@account-ebay414.gq/account/confirm?email=ebay@mail.com&token=158391&redirect=secure",1
"http://27.119.105.236/account/confirm",1
"https://shop.linkedin.com/products",0
"https://docs.salesforce.com/contact",0
"https://blog.ebay.com/about",0
"http://facebook@banking-facebook457.ml/unlock-account?email=facebook@mail.com&token=955957&redirect=secure",1
"https://cnn.com/",0
"http://icloud.login-4962.ml/signin?account=verify",1
"http://confirm-netflix470.tk/unlock-account?email=netflix@mail.com&token=125404&redirect=secure",1
"https://docs.ebay.com/news/world",0
"http://shop.nytimes.com/user/profile",0
"http://bankofamerica-support-confirm.ml/account/confirm",1
"https://gitlab.com/products",0
"http://175.212.251.99/webscr?cmd=_login-run",1
"https://python.org",0
"https://shop.netflix.com/questions/12345/how-to",0
"http://69.237.213.162/verify",1
"http://docs.adobe.com/news/world",0
"http://blog.youtube.com/help/articles",0
"http://icloud.signin-1713.buzz/login",1
"https://mail.spotify.com/about",0
"http://blog.mozilla.org/questions/12345/how-to",0
"http://apple-webscr-account.info/secure/update",1
"https://www.apple.com/user/profile",0
"http://34.121.93.197/verify",1
"https://verify-paypal136.click/account/confirm?email=paypal@mail.com&token=406891&redirect=secure",1
"https://store.wikipedia.org/wiki/Main_Page",0
"http://bankofamerica.webscr-8811.online/confirm-identity",1
"http://instagram@secure-instagram484.gq/unlock-account?email=instagram@mail.com&token=274554&redirect=secure",1
"http://paypal-billing-webscr.gq/account/confirm",1
"https://250.92.23.124/unlock-account",1
"https://blog.ibm.com/pricing",0
"http://bankofamerica.support-5408.info/account/confirm",1
"http://api.cnn.com/news/world",0
"http://facebook.verify-6139.top/unlock-account",1
"http://chase-account-account.click/unlock-account",1
"https://api.linkedin.com/",0
"https://support.ibm.com",0
"http://apple-login-support.click/billing/update",1
"http://amazon.confirm-9727.gq/verify",1
"https://store.instagram.com/login",0
"https://mail.cnn.com/help/articles",0
"http://50.47.5.79/account/confirm",1
"http://45.229.66.221/confirm-identity",1
"https://support.spotify.com/watch?v=abc123",0
"http://chase-secure-update.info/unlock-account",1
"http://icloud-signin-billing.tk/account/confirm",1
"http://facebook.support-4348.top/billing/update",1
"http://56.56.96.34/unlock-account",1
"http://secure-bankofamerica391.ga/billing/update?email=bankofamerica@mail.com&token=124055&redirect=secure",1
"http://245.204.188.72/confirm-identity",1
"http://secure-linkedin403.gq/signin?account=verify?email=linkedin@mail.com&token=117921&redirect=secure",1
"https://api.salesforce.com/news/world",0
"http://ebay-unlock-account.cf/webscr?cmd=_login-run",1
"http://7.229.25.26/verify",1
"http://bankofamerica-secure-account.click/signin?account=verify",1
"https://ebay.account-1978.xyz/confirm-identity",1
"https://support.gitlab.com/questions/12345/how-to",0
"http://office365-webscr-update.buzz/secure/update",1
"https://cloudflare.com",0
"http://instagram.support-1465.ml/webscr?cmd=_login-run",1
"http://blog.ibm.com/search?q=phone",0
"https://netflix.billing-6944.ga/secure/login.php",1
"https://docs.github.com/products",0
"https://paypal.com/help/articles",0
"http://shop.ebay.com/news/world",0
"http://74.92.37.152/verify",1
"https://docs.bitbucket.org/contact",0
"http://icloud-banking-billing.tk/unlock-account",1
"http://ebay.unlock-3093.tk/webscr?cmd=_login-run",1
"https://store.mozilla.org/watch?v=abc123",0
"https://unlock-chase472.ml/billing/update?email=chase@mail.com&token=372379&redirect=secure",1
"https://shop.ibm.com/news/world",0
"http://signin-icloud47.online/unlock-account?email=icloud@mail.com&token=893064&redirect=secure",1
"http://account-linkedin138.top/secure/update?email=linkedin@mail.com&token=878237&redirect=secure",1
"http://billing-paypal786.ga/secure/login.php?email=paypal@mail.com&token=874284&redirect=secure",1
"http://unlock-icloud398.cf/unlock-account?email=icloud@mail.com&token=707895&redirect=secure",1
"https://api.atlassian.com/login",0
"https://blog.gitlab.com/contact",0
"http://support.youtube.com/user/profile",0
"https://docs.apple.com/login",0
"https://docs.twitter.com/login",0
"https://wellsfargo@account-wellsfargo178.ml/confirm-identity?email=wellsfargo@mail.com&token=106879&redirect=secure",1
"https://support.linkedin.com/user/profile",0
"https://docs.atlassian.com/questions/12345/how-to",0
"https://www.amazon.com/about",0
"https://api.apple.com/",0
"http://signin-paypal541.xyz/secure/update?email=paypal@mail.com&token=762190&redirect=secure",1
"https://api.youtube.com/help/articles",0
"https://docs.mozilla.org/login",0
"http://blog.paypal.com",0
"http://update-bankofamerica672.ga/verify?email=bankofamerica@mail.com&token=560215&redirect=secure",1
"https://office365-banking-update.ml/billing/update",1
"https://docs.amazon.com/pricing",0
"https://api.python.org/user/profile",0
"http://140.109.127.167/webscr?cmd=_login-run",1
"https://www.salesforce.com/user/profile",0
"http://amazon-login-signin.cf/unlock-account",1
"https://api.cnn.com",0
"http://support.medium.com/login",0
"http://bankofamerica.secure-3566.ml/webscr?cmd=_login-run",1
"https://mail.bbc.co.uk",0
"http://mail.spotify.com",0
"http://ebay-webscr-account.top/unlock-account",1
"https://chase-confirm-secure.gq/secure/update",1
"http://api.mozilla.org/login",0
"http://icloud.signin-1166.online/confirm-identity",1
"http://docs.netflix.com/user/profile",0
"https://shop.spotify.com/about",0
"http://google-unlock-support.xyz/unlock-account",1
"https://shop.cloudflare.com/about",0
"http://dropbox-secure-webscr.xyz/webscr?cmd=_login-run",1
"http://shop.bbc.co.uk/wiki/Main_Page",0
"http://docs.github.com/search?q=phone",0
"http://login-apple829.top/login?email=apple@mail.com&token=572824&redirect=secure",1
"https://cloudflare.com/login",0
"https://support.cloudflare.com/questions/12345/how-to",0
"https://22.103.82.37/webscr?cmd=_login-run",1
"https://shop.microsoft.com/about",0
"http://facebook-login-billing.gq/signin?account=verify",1
"http://103.97.60.91/unlock-account",1
"https://shop.nytimes.com/login",0
